10.550000, -0.000125
10.600000, -0.000300
10.650000, -0.003100
10.700000, -0.002275
10.750000, -0.002300
10.800000, -0.002525
10.850000, -0.004050
10.900000, -0.004900
10.950000, -0.007050
11.000000, -0.008750
11.050000, -0.010275
11.100000, -0.012000
11.150000, -0.008950
11.200000, -0.011450
11.250000, -0.012575
11.300000, -0.011025
11.350000, -0.012750
11.400000, -0.009850
11.450000, -0.008125
11.500000, -0.008225
11.550000, -0.007200
11.600000, -0.007200
11.650000, -0.007225
11.700000, -0.008550
11.750000, -0.008500
11.800000, -0.008075
11.850000, -0.006175
11.900000, -0.004050
11.950000, -0.005575
12.000000, -0.003875
12.050000, -0.004025
12.100000, -0.005175
12.150000, -0.008325
12.200000, -0.009025
12.250000, -0.008375
12.300000, -0.007200
12.350000, -0.009325
12.400000, -0.009725
12.450000, -0.010600
12.500000, -0.015950
12.550000, -0.019650
12.600000, -0.022175
12.650000, -0.022775
12.700000, -0.026000
12.750000, -0.022525
12.800000, -0.021050
12.850000, -0.019475
12.900000, -0.019575
12.950000, -0.018650
13.000000, -0.017675
13.050000, -0.015900
13.100000, -0.016125
13.150000, -0.014200
13.200000, -0.015850
13.250000, -0.015225
13.300000, -0.014175
13.350000, -0.014850
13.400000, -0.016050
13.450000, -0.017150
13.500000, -0.015575
13.550000, -0.014975
13.600000, -0.015525
13.650000, -0.017600
13.700000, -0.018700
13.750000, -0.020050
13.800000, -0.024275
13.850000, -0.024950
13.900000, -0.026125
13.950000, -0.027500
14.000000, -0.023825
14.050000, -0.024875
14.100000, -0.024150
14.150000, -0.026425
14.200000, -0.026225
14.250000, -0.028200
14.300000, -0.028525
14.350000, -0.028050
14.400000, -0.028375
14.450000, -0.028725
14.500000, -0.025150
14.550000, -0.024175
14.600000, -0.026250
14.650000, -0.026025
14.700000, -0.029800
14.750000, -0.026700
14.800000, -0.025800
14.850000, -0.026025
14.900000, -0.028475
14.950000, -0.029950
15.000000, -0.032525
15.050000, -0.033750
15.100000, -0.035250
15.150000, -0.032725
15.200000, -0.032350
15.250000, -0.031475
15.300000, -0.033000
15.350000, -0.029825
15.400000, -0.030450
15.450000, -0.030775
15.500000, -0.028075
15.550000, -0.026200
15.600000, -0.029600
15.650000, -0.028125
15.700000, -0.029700
15.750000, -0.031575
15.800000, -0.030275
15.850000, -0.029900
15.900000, -0.032950
15.950000, -0.032900
16.000000, -0.035250
16.050000, -0.036400
16.100000, -0.037675
16.150000, -0.038225
16.200000, -0.039125
16.250000, -0.039300
16.300000, -0.041850
16.350000, -0.045475
16.400000, -0.042400
16.450000, -0.042650
16.500000, -0.043250
16.550000, -0.048575
16.600000, -0.051325
16.650000, -0.049475
16.700000, -0.050800
16.750000, -0.051450
16.800000, -0.050525
16.850000, -0.049050
16.900000, -0.046800
16.950000, -0.048475
17.000000, -0.051800
17.050000, -0.049875
17.100000, -0.050175
17.150000, -0.049325
17.200000, -0.045050
17.250000, -0.044275
17.300000, -0.049225
17.350000, -0.047775
17.400000, -0.046350
17.450000, -0.045850
17.500000, -0.046950
17.550000, -0.046775
17.600000, -0.048650
17.650000, -0.047000
17.700000, -0.043475
17.750000, -0.045725
17.800000, -0.046400
17.850000, -0.048225
17.900000, -0.051750
17.950000, -0.053525
18.000000, -0.052950
18.050000, -0.054550
18.100000, -0.055400
18.150000, -0.062200
18.200000, -0.065775
18.250000, -0.067775
18.300000, -0.067675
18.350000, -0.071850
18.400000, -0.071975
18.450000, -0.070525
18.500000, -0.071225
18.550000, -0.075750
18.600000, -0.076775
18.650000, -0.078625
18.700000, -0.077475
18.750000, -0.075475
18.800000, -0.077300
18.850000, -0.076675
18.900000, -0.078300
18.950000, -0.077500
19.000000, -0.074975
19.050000, -0.072025
19.100000, -0.072100
19.150000, -0.074725
19.200000, -0.074300
19.250000, -0.078975
19.300000, -0.078600
19.350000, -0.078675
19.400000, -0.077925
19.450000, -0.074925
19.500000, -0.080925
19.550000, -0.081275
19.600000, -0.080975
19.650000, -0.079850
19.700000, -0.078425
19.750000, -0.077500
19.800000, -0.076400
19.850000, -0.081275
19.900000, -0.081400
19.950000, -0.082300
20.000000, -0.083100
20.050000, -0.083475
20.100000, -0.084025
20.150000, -0.081550
20.200000, -0.082300
20.250000, -0.084175
20.300000, -0.083900
20.350000, -0.084400
20.400000, -0.084925
20.450000, -0.084325
20.500000, -0.084850
20.550000, -0.084200
20.600000, -0.085350
20.650000, -0.085950
20.700000, -0.087875
20.750000, -0.084050
20.800000, -0.085250
20.850000, -0.086625
20.900000, -0.083300
20.950000, -0.082925
21.000000, -0.085625
21.050000, -0.083475
21.100000, -0.082950
21.150000, -0.083675
21.200000, -0.085250
21.250000, -0.085750
21.300000, -0.086275
21.350000, -0.085450
21.400000, -0.084725
21.450000, -0.085175
21.500000, -0.084350
21.550000, -0.083800
21.600000, -0.084725
21.650000, -0.084425
21.700000, -0.084325
21.750000, -0.087550
21.800000, -0.091650
21.850000, -0.091550
21.900000, -0.092200
21.950000, -0.093100
22.000000, -0.090975
22.050000, -0.090850
22.100000, -0.088900
22.150000, -0.091625
22.200000, -0.093775
22.250000, -0.094075
22.300000, -0.093900
22.350000, -0.094350
22.400000, -0.097375
22.450000, -0.099025
22.500000, -0.096475
22.550000, -0.094550
22.600000, -0.092200
22.650000, -0.094325
22.700000, -0.093275
22.750000, -0.093475
22.800000, -0.090150
22.850000, -0.090850
22.900000, -0.095925
22.950000, -0.096150
23.000000, -0.094825
23.050000, -0.098050
23.100000, -0.096350
23.150000, -0.096775
23.200000, -0.098100
23.250000, -0.104600
23.300000, -0.101700
23.350000, -0.099750
23.400000, -0.101950
23.450000, -0.101650
23.500000, -0.104475
23.550000, -0.099900
23.600000, -0.098150
23.650000, -0.103325
23.700000, -0.103100
23.750000, -0.102050
23.800000, -0.104275
23.850000, -0.101750
23.900000, -0.100900
23.950000, -0.102300
24.000000, -0.104975
24.050000, -0.103825
24.100000, -0.104075
24.150000, -0.104950
24.200000, -0.106575
24.250000, -0.107425
24.300000, -0.109575
24.350000, -0.110125
24.400000, -0.110450
24.450000, -0.111475
24.500000, -0.109000
24.550000, -0.105275
24.600000, -0.103775
24.650000, -0.106750
24.700000, -0.106875
24.750000, -0.103950
24.800000, -0.104150
24.850000, -0.104800
24.900000, -0.107975
24.950000, -0.110675
25.000000, -0.108950
25.050000, -0.108750
25.100000, -0.106975
25.150000, -0.104000
25.200000, -0.103025
25.250000, -0.103050
25.300000, -0.103800
25.350000, -0.103725
25.400000, -0.105925
25.450000, -0.104475
25.500000, -0.105100
25.550000, -0.103100
25.600000, -0.101775
25.650000, -0.102950
25.700000, -0.109075
25.750000, -0.113550
25.800000, -0.114050
25.850000, -0.113650
25.900000, -0.112550
25.950000, -0.114350
26.000000, -0.111700
26.050000, -0.111500
26.100000, -0.114750
26.150000, -0.117600
26.200000, -0.117600
26.250000, -0.121725
26.300000, -0.121375
26.350000, -0.119675
26.400000, -0.118575
26.450000, -0.119250
26.500000, -0.123350
26.550000, -0.121450
26.600000, -0.124500
26.650000, -0.123725
26.700000, -0.121550
26.750000, -0.121100
26.800000, -0.121150
26.850000, -0.119375
26.900000, -0.118850
26.950000, -0.119225
27.000000, -0.118250
27.050000, -0.115225
27.100000, -0.117575
27.150000, -0.118600
27.200000, -0.119800
27.250000, -0.122150
27.300000, -0.119625
27.350000, -0.121600
27.400000, -0.118650
27.450000, -0.116775
27.500000, -0.119725
27.550000, -0.122175
27.600000, -0.123425
27.650000, -0.125225
27.700000, -0.121325
27.750000, -0.123650
27.800000, -0.126200
27.850000, -0.127125
27.900000, -0.129650
27.950000, -0.129650
28.000000, -0.130375
28.050000, -0.130675
28.100000, -0.129325
28.150000, -0.130075
28.200000, -0.133475
28.250000, -0.131550
28.300000, -0.131800
28.350000, -0.129000
28.400000, -0.129475
28.450000, -0.128100
28.500000, -0.126725
28.550000, -0.125775
28.600000, -0.124700
28.650000, -0.121975
28.700000, -0.122125
28.750000, -0.121450
28.800000, -0.119625
28.850000, -0.118850
28.900000, -0.115900
28.950000, -0.113700
29.000000, -0.116575
29.050000, -0.119075
29.100000, -0.119425
29.150000, -0.121600
29.200000, -0.119800
29.250000, -0.120375
29.300000, -0.121100
29.350000, -0.120550
29.400000, -0.121475
29.450000, -0.123225
29.500000, -0.124600
29.550000, -0.124275
29.600000, -0.120450
29.650000, -0.118000
29.700000, -0.118200
29.750000, -0.120650
29.800000, -0.117450
29.850000, -0.116500
29.900000, -0.119350
29.950000, -0.122850
30.000000, -0.120425
30.050000, -0.121675
30.100000, -0.118550
30.150000, -0.118950
30.200000, -0.116800
30.250000, -0.120625
30.300000, -0.123375
30.350000, -0.124525
30.400000, -0.123925
30.450000, -0.122525
30.500000, -0.119225
30.550000, -0.119550
30.600000, -0.123275
30.650000, -0.121875
30.700000, -0.117700
30.750000, -0.117550
30.800000, -0.115500
30.850000, -0.115875
30.900000, -0.120625
30.950000, -0.119725
31.000000, -0.114800
31.050000, -0.116900
31.100000, -0.113925
31.150000, -0.116125
31.200000, -0.108875
31.250000, -0.106350
31.300000, -0.106575
31.350000, -0.104625
31.400000, -0.099475
31.450000, -0.096625
31.500000, -0.095300
31.550000, -0.099875
31.600000, -0.097925
31.650000, -0.097200
31.700000, -0.096700
31.750000, -0.100950
31.800000, -0.100325
31.850000, -0.096025
31.900000, -0.097275
31.950000, -0.096850
32.000000, -0.095000
32.050000, -0.093350
32.100000, -0.090800
32.150000, -0.089500
32.200000, -0.093400
32.250000, -0.091675
32.300000, -0.093075
32.350000, -0.086625
32.400000, -0.087575
32.450000, -0.087125
32.500000, -0.085050
32.550000, -0.083550
32.600000, -0.080825
32.650000, -0.082100
32.700000, -0.079300
32.750000, -0.080500
32.800000, -0.083150
32.850000, -0.080500
32.900000, -0.079400
32.950000, -0.078975
33.000000, -0.074975
33.050000, -0.078550
33.100000, -0.078825
33.150000, -0.082600
33.200000, -0.083025
33.250000, -0.083875
33.300000, -0.085700
33.350000, -0.084150
33.400000, -0.081225
33.450000, -0.079675
33.500000, -0.081675
33.550000, -0.078075
33.600000, -0.073350
33.650000, -0.072225
33.700000, -0.071450
33.750000, -0.071375
33.800000, -0.072700
33.850000, -0.076125
33.900000, -0.075450
33.950000, -0.076875
34.000000, -0.074925
34.050000, -0.067275
34.100000, -0.063600
34.150000, -0.062100
34.200000, -0.061825
34.250000, -0.059825
34.300000, -0.063900
34.350000, -0.063425
34.400000, -0.061475
34.450000, -0.064450
34.500000, -0.062950
34.550000, -0.061400
34.600000, -0.059400
34.650000, -0.062175
34.700000, -0.060575
34.750000, -0.058825
34.800000, -0.060000
34.850000, -0.057400
34.900000, -0.057175
34.950000, -0.058550
35.000000, -0.056950
35.050000, -0.057025
35.100000, -0.059775
35.150000, -0.062975
35.200000, -0.061725
35.250000, -0.060050
35.300000, -0.058375
35.350000, -0.059925
35.400000, -0.063425
35.450000, -0.064125
35.500000, -0.061400
35.550000, -0.055200
35.600000, -0.055750
35.650000, -0.053025
35.700000, -0.053175
35.750000, -0.052000
35.800000, -0.052700
35.850000, -0.053700
35.900000, -0.056975
35.950000, -0.057075
36.000000, -0.057350
36.050000, -0.057475
36.100000, -0.059500
36.150000, -0.060300
36.200000, -0.062500
36.250000, -0.061400
36.300000, -0.059425
36.350000, -0.060725
36.400000, -0.058325
36.450000, -0.054025
36.500000, -0.051925
36.550000, -0.052700
36.600000, -0.048575
36.650000, -0.047650
36.700000, -0.042975
36.750000, -0.038075
36.800000, -0.035850
36.850000, -0.034775
36.900000, -0.033400
36.950000, -0.033400
37.000000, -0.032075
37.050000, -0.033275
37.100000, -0.035075
37.150000, -0.034225
37.200000, -0.032525
37.250000, -0.033550
37.300000, -0.031650
37.350000, -0.032900
37.400000, -0.034325
37.450000, -0.036625
37.500000, -0.038525
37.550000, -0.039950
37.600000, -0.042300
37.650000, -0.044150
37.700000, -0.044675
37.750000, -0.044725
37.800000, -0.044200
37.850000, -0.041400
37.900000, -0.040375
37.950000, -0.038400
38.000000, -0.037875
38.050000, -0.038650
38.100000, -0.040700
38.150000, -0.036000
38.200000, -0.028350
38.250000, -0.031900
38.300000, -0.034225
38.350000, -0.033400
38.400000, -0.028650
38.450000, -0.031550
38.500000, -0.031350
38.550000, -0.028900
38.600000, -0.025675
38.650000, -0.023075
38.700000, -0.027625
38.750000, -0.027025
38.800000, -0.027300
38.850000, -0.029025
38.900000, -0.027150
38.950000, -0.030150
39.000000, -0.032950
39.050000, -0.029400
39.100000, -0.028000
39.150000, -0.028050
39.200000, -0.026900
39.250000, -0.025625
39.300000, -0.027975
39.350000, -0.025150
39.400000, -0.023650
39.450000, -0.023575
39.500000, -0.026875
39.550000, -0.026500
39.600000, -0.022975
39.650000, -0.021275
39.700000, -0.020075
39.750000, -0.019325
39.800000, -0.018875
39.850000, -0.018100
39.900000, -0.014875
39.950000, -0.014550
40.000000, -0.011400
40.050000, -0.011075
40.100000, -0.013400
40.150000, -0.013300
40.200000, -0.014650
40.250000, -0.015300
40.300000, -0.015650
40.350000, -0.013800
40.400000, -0.014125
40.450000, -0.017125
40.500000, -0.014150
40.550000, -0.014525
40.600000, -0.012600
40.650000, -0.011675
40.700000, -0.015000
40.750000, -0.014550
40.800000, -0.015025
40.850000, -0.014650
40.900000, -0.014650
40.950000, -0.016325
41.000000, -0.012125
41.050000, -0.011350
41.100000, -0.011400
41.150000, -0.008800
41.200000, -0.010425
41.250000, -0.012950
41.300000, -0.014375
41.350000, -0.011200
41.400000, -0.007050
41.450000, -0.006025
41.500000, -0.001625
41.550000, -0.002025
41.600000, -0.004325
41.650000, -0.002275
41.700000, -0.001700
41.750000, -0.000075
41.800000, -0.000250
41.850000, -0.001050
41.900000, -0.006650
41.950000, -0.006700
42.000000, -0.006175
42.050000, -0.006125
42.100000, -0.006350
42.150000, -0.006850
42.200000, -0.004200
42.250000, -0.005825
42.300000, -0.004500
42.350000, -0.006925
42.400000, -0.008375
42.450000, -0.005650
42.500000, -0.002650
42.550000, -0.005125
42.600000, -0.003150
42.650000, -0.001150
42.700000, -0.000750
42.750000, 0.002050
42.800000, 0.003650
42.850000, 0.004250
42.900000, 0.004500
42.950000, 0.008375
43.000000, 0.010450
43.050000, 0.006550
43.100000, 0.006700
43.150000, 0.008125
43.200000, 0.001175
43.250000, 0.002075
43.300000, 0.004475
43.350000, 0.007475
43.400000, 0.009650
43.450000, 0.010650
43.500000, 0.009875
43.550000, 0.008525
43.600000, 0.007750
43.650000, 0.009825
43.700000, 0.013100
43.750000, 0.011300
43.800000, 0.010825
43.850000, 0.009375
43.900000, 0.008825
43.950000, 0.009800
44.000000, 0.008725
44.050000, 0.011425
44.100000, 0.013950
44.150000, 0.013375
44.200000, 0.011175
44.250000, 0.015200
44.300000, 0.017350
44.350000, 0.014825
44.400000, 0.017375
44.450000, 0.018900
44.500000, 0.016700
44.550000, 0.017375
44.600000, 0.016600
44.650000, 0.014550
44.700000, 0.013725
44.750000, 0.017225
44.800000, 0.019450
44.850000, 0.016650
44.900000, 0.015300
44.950000, 0.014075
45.000000, 0.012600
45.050000, 0.012475
45.100000, 0.007850
45.150000, 0.000800
45.200000, 0.000200
45.250000, 0.000625
45.300000, -0.000475
45.350000, 0.000275
45.400000, -0.000375
45.450000, 0.000150
45.500000, 0.000200
45.550000, 0.003400
45.600000, 0.002850
45.650000, 0.002550
45.700000, 0.003675
45.750000, 0.000025
45.800000, -0.001850
45.850000, -0.003750
45.900000, -0.005850
45.950000, -0.006700
46.000000, -0.008675
46.050000, -0.009750
46.100000, -0.008675
46.150000, -0.010975
46.200000, -0.010950
46.250000, -0.009100
46.300000, -0.010300
46.350000, -0.011275
46.400000, -0.014225
46.450000, -0.014175
46.500000, -0.012850
46.550000, -0.008750
46.600000, -0.009700
46.650000, -0.010000
46.700000, -0.008375
46.750000, -0.007650
46.800000, -0.010000
46.850000, -0.004725
46.900000, -0.005575
46.950000, -0.004475
47.000000, -0.007000
47.050000, -0.008750
47.100000, -0.010425
47.150000, -0.010100
47.200000, -0.009825
47.250000, -0.009050
47.300000, -0.005900
47.350000, -0.008625
47.400000, -0.011075
47.450000, -0.010450
47.500000, -0.010475
47.550000, -0.008475
47.600000, -0.009275
47.650000, -0.008425
47.700000, -0.006650
47.750000, -0.006500
47.800000, -0.007100
47.850000, -0.005100
47.900000, -0.004675
47.950000, -0.001875
48.000000, -0.001250
48.050000, 0.000725
48.100000, -0.001925
48.150000, 0.001800
48.200000, 0.002550
48.250000, 0.006175
48.300000, 0.004050
48.350000, 0.003650
48.400000, 0.006325
48.450000, 0.008575
48.500000, 0.007625
48.550000, 0.006225
48.600000, 0.007675
48.650000, 0.009700
48.700000, 0.009025
48.750000, 0.009425
48.800000, 0.009875
48.850000, 0.014625
48.900000, 0.013950
48.950000, 0.013350
49.000000, 0.015900
49.050000, 0.014875
49.100000, 0.018425
49.150000, 0.016400
49.200000, 0.018400
49.250000, 0.019025
49.300000, 0.022125
49.350000, 0.022100
49.400000, 0.021100
49.450000, 0.023275
49.500000, 0.027850
49.550000, 0.027325
49.600000, 0.028650
49.650000, 0.025725
49.700000, 0.027125
49.750000, 0.027000
49.800000, 0.024300
49.850000, 0.028325
49.900000, 0.031525
49.950000, 0.033800
50.000000, 0.032925
50.050000, 0.031925
50.100000, 0.029825
50.150000, 0.028050
50.200000, 0.029600
50.250000, 0.029775
50.300000, 0.029000
50.350000, 0.030075
50.400000, 0.031225
50.450000, 0.027800
50.500000, 0.028550
50.550000, 0.026425
50.600000, 0.029525
50.650000, 0.030650
50.700000, 0.032400
50.750000, 0.034050
50.800000, 0.038875
50.850000, 0.040925
50.900000, 0.038025
50.950000, 0.039175
51.000000, 0.040675
51.050000, 0.041050
51.100000, 0.041100
51.150000, 0.042350
51.200000, 0.043950
51.250000, 0.045725
51.300000, 0.046625
51.350000, 0.048975
51.400000, 0.048100
51.450000, 0.045900
51.500000, 0.044300
51.550000, 0.044075
51.600000, 0.046225
51.650000, 0.048350
51.700000, 0.052125
51.750000, 0.052125
51.800000, 0.053150
51.850000, 0.054300
51.900000, 0.047500
51.950000, 0.044275
52.000000, 0.048650
52.050000, 0.051350
52.100000, 0.048900
52.150000, 0.048600
52.200000, 0.051475
52.250000, 0.054950
52.300000, 0.050550
52.350000, 0.048475
52.400000, 0.049625
52.450000, 0.048125
52.500000, 0.045800
52.550000, 0.049275
52.600000, 0.051400
52.650000, 0.052225
52.700000, 0.053750
52.750000, 0.047125
52.800000, 0.051925
52.850000, 0.048350
52.900000, 0.046500
52.950000, 0.044425
53.000000, 0.046900
53.050000, 0.046950
53.100000, 0.048500
53.150000, 0.046600
53.200000, 0.047200
53.250000, 0.045075
53.300000, 0.045300
53.350000, 0.041325
53.400000, 0.039100
53.450000, 0.040725
53.500000, 0.039950
53.550000, 0.037900
53.600000, 0.036825
53.650000, 0.038450
53.700000, 0.040200
53.750000, 0.039750
53.800000, 0.040550
53.850000, 0.039250
53.900000, 0.037450
53.950000, 0.035250
54.000000, 0.030450
54.050000, 0.029325
54.100000, 0.029850
54.150000, 0.030100
54.200000, 0.033525
54.250000, 0.032200
54.300000, 0.033350
54.350000, 0.033800
54.400000, 0.037475
54.450000, 0.039225
54.500000, 0.035475
54.550000, 0.039550
54.600000, 0.040875
54.650000, 0.045825
54.700000, 0.048125
54.750000, 0.050650
54.800000, 0.049500
54.850000, 0.048675
54.900000, 0.046325
54.950000, 0.046675
55.000000, 0.046225
55.050000, 0.047900
55.100000, 0.044925
55.150000, 0.046250
55.200000, 0.049000
55.250000, 0.048675
55.300000, 0.045825
55.350000, 0.047100
55.400000, 0.049150
55.450000, 0.046800
55.500000, 0.049200
55.550000, 0.053400
55.600000, 0.056275
55.650000, 0.056150
55.700000, 0.058575
55.750000, 0.060750
55.800000, 0.061250
55.850000, 0.061225
55.900000, 0.065325
55.950000, 0.067875
56.000000, 0.070525
56.050000, 0.070400
56.100000, 0.072750
56.150000, 0.069675
56.200000, 0.069450
56.250000, 0.075850
56.300000, 0.074425
56.350000, 0.077050
56.400000, 0.079175
56.450000, 0.079650
56.500000, 0.078350
56.550000, 0.079950
56.600000, 0.078425
56.650000, 0.078950
56.700000, 0.079925
56.750000, 0.083425
56.800000, 0.087575
56.850000, 0.089875
56.900000, 0.087775
56.950000, 0.088675
57.000000, 0.092550
57.050000, 0.092350
57.100000, 0.094575
57.150000, 0.094025
57.200000, 0.089925
57.250000, 0.090575
57.300000, 0.091400
57.350000, 0.093000
57.400000, 0.092725
57.450000, 0.091900
57.500000, 0.090525
57.550000, 0.090725
57.600000, 0.089100
57.650000, 0.089650
57.700000, 0.091300
57.750000, 0.086825
57.800000, 0.082875
57.850000, 0.080550
57.900000, 0.075150
57.950000, 0.072875
58.000000, 0.071150
58.050000, 0.066625
58.100000, 0.065250
58.150000, 0.063375
58.200000, 0.070150
58.250000, 0.071925
58.300000, 0.076350
58.350000, 0.077200
58.400000, 0.078525
58.450000, 0.075875
58.500000, 0.077100
58.550000, 0.076725
58.600000, 0.077975
58.650000, 0.077700
58.700000, 0.079225
58.750000, 0.079425
58.800000, 0.075825
58.850000, 0.075300
58.900000, 0.074475
58.950000, 0.076350
59.000000, 0.082325
59.050000, 0.086125
59.100000, 0.081700
59.150000, 0.083850
59.200000, 0.079750
59.250000, 0.078150
59.300000, 0.076125
59.350000, 0.076250
59.400000, 0.079875
59.450000, 0.080075
59.500000, 0.082725
59.550000, 0.083100
59.600000, 0.081775
59.650000, 0.080975
59.700000, 0.080050
59.750000, 0.079000
59.800000, 0.077675
59.850000, 0.079200
59.900000, 0.079875
59.950000, 0.082950
60.000000, 0.083625
60.050000, 0.083150
60.100000, 0.082875
60.150000, 0.082675
60.200000, 0.083600
60.250000, 0.085450
60.300000, 0.085700
60.350000, 0.087375
60.400000, 0.086900
60.450000, 0.092700
60.500000, 0.094700
60.550000, 0.098625
60.600000, 0.099000
60.650000, 0.102975
60.700000, 0.105700
60.750000, 0.107350
60.800000, 0.106400
60.850000, 0.101825
60.900000, 0.102350
60.950000, 0.101775
61.000000, 0.101800
61.050000, 0.100925
61.100000, 0.101300
61.150000, 0.096650
61.200000, 0.097150
61.250000, 0.096125
61.300000, 0.097075
61.350000, 0.094900
61.400000, 0.094575
61.450000, 0.094950
61.500000, 0.095200
61.550000, 0.095875
61.600000, 0.096575
61.650000, 0.100225
61.700000, 0.103550
61.750000, 0.105900
61.800000, 0.107875
61.850000, 0.109175
61.900000, 0.108300
61.950000, 0.111975
62.000000, 0.112850
62.050000, 0.117975
62.100000, 0.116125
62.150000, 0.115050
62.200000, 0.117400
62.250000, 0.117500
62.300000, 0.120025
62.350000, 0.121350
62.400000, 0.119750
62.450000, 0.120000
62.500000, 0.121125
62.550000, 0.121750
62.600000, 0.121625
62.650000, 0.121150
62.700000, 0.122525
62.750000, 0.125175
62.800000, 0.122400
62.850000, 0.123875
62.900000, 0.125325
62.950000, 0.126975
63.000000, 0.126675
63.050000, 0.125050
63.100000, 0.125275
63.150000, 0.126400
63.200000, 0.128300
63.250000, 0.130325
63.300000, 0.132950
63.350000, 0.132450
63.400000, 0.134125
63.450000, 0.134425
63.500000, 0.134225
63.550000, 0.130350
63.600000, 0.131450
63.650000, 0.130900
63.700000, 0.130875
63.750000, 0.135250
63.800000, 0.134975
63.850000, 0.133700
63.900000, 0.131500
63.950000, 0.133900
64.000000, 0.130450
64.050000, 0.131200
64.100000, 0.128700
64.150000, 0.126700
64.200000, 0.131325
64.250000, 0.131375
64.300000, 0.131925
64.350000, 0.129450
64.400000, 0.128550
64.450000, 0.130375
64.500000, 0.134850
64.550000, 0.133150
64.600000, 0.136000
64.650000, 0.136225
64.700000, 0.137350
64.750000, 0.137800
64.800000, 0.135775
64.850000, 0.136025
64.900000, 0.135775
64.950000, 0.137725
65.000000, 0.135300
65.050000, 0.140125
65.100000, 0.143325
65.150000, 0.140150
65.200000, 0.140525
65.250000, 0.140275
65.300000, 0.137800
65.350000, 0.137275
65.400000, 0.138850
65.450000, 0.136525
65.500000, 0.137500
65.550000, 0.134900
65.600000, 0.132050
65.650000, 0.131700
65.700000, 0.129575
65.750000, 0.129500
65.800000, 0.128925
65.850000, 0.130750
65.900000, 0.132475
65.950000, 0.129900
66.000000, 0.132100
66.050000, 0.133125
66.100000, 0.134025
66.150000, 0.132275
66.200000, 0.133475
66.250000, 0.134700
66.300000, 0.132825
66.350000, 0.134025
66.400000, 0.136125
66.450000, 0.138300
66.500000, 0.137675
66.550000, 0.134925
66.600000, 0.134650
66.650000, 0.134675
66.700000, 0.134875
66.750000, 0.136525
66.800000, 0.137350
66.850000, 0.137800
66.900000, 0.139600
66.950000, 0.143225
67.000000, 0.143550
67.050000, 0.139300
67.100000, 0.138325
67.150000, 0.139475
67.200000, 0.142575
67.250000, 0.139100
67.300000, 0.139050
67.350000, 0.139625
67.400000, 0.139200
67.450000, 0.139875
67.500000, 0.141300
67.550000, 0.143125
67.600000, 0.141325
67.650000, 0.139375
67.700000, 0.135425
67.750000, 0.135575
67.800000, 0.136150
67.850000, 0.135850
67.900000, 0.135400
67.950000, 0.132325
68.000000, 0.132725
68.050000, 0.131975
68.100000, 0.134925
68.150000, 0.134150
68.200000, 0.136425
68.250000, 0.136575
68.300000, 0.135575
68.350000, 0.135300
68.400000, 0.128875
68.450000, 0.129650
68.500000, 0.127225
68.550000, 0.129175
68.600000, 0.128275
68.650000, 0.126875
68.700000, 0.128425
68.750000, 0.129775
68.800000, 0.131550
68.850000, 0.132375
68.900000, 0.134625
68.950000, 0.137125
69.000000, 0.135450
69.050000, 0.137375
69.100000, 0.136850
69.150000, 0.137275
69.200000, 0.137825
69.250000, 0.137900
69.300000, 0.134400
69.350000, 0.134450
69.400000, 0.134575
69.450000, 0.135700
69.500000, 0.137225
69.550000, 0.135675
69.600000, 0.136575
69.650000, 0.135200
69.700000, 0.135825
69.750000, 0.133750
69.800000, 0.132600
69.850000, 0.131475
69.900000, 0.132350
69.950000, 0.130225
70.000000, 0.129125
70.050000, 0.126200
70.100000, 0.125400
70.150000, 0.125425
70.200000, 0.125400
70.250000, 0.127725
70.300000, 0.128900
70.350000, 0.130725
70.400000, 0.132425
70.450000, 0.133325
70.500000, 0.132700
70.550000, 0.133825
70.600000, 0.132300
70.650000, 0.132425
70.700000, 0.132350
70.750000, 0.133575
70.800000, 0.132825
70.850000, 0.132975
70.900000, 0.133425
70.950000, 0.136050
71.000000, 0.139350
71.050000, 0.142750
71.100000, 0.142600
71.150000, 0.142175
71.200000, 0.143700
71.250000, 0.142750
71.300000, 0.144975
71.350000, 0.142325
71.400000, 0.142275
71.450000, 0.143225
71.500000, 0.145800
71.550000, 0.145625
71.600000, 0.142350
71.650000, 0.138050
71.700000, 0.139800
71.750000, 0.140325
71.800000, 0.141750
71.850000, 0.141100
71.900000, 0.140775
71.950000, 0.140850
72.000000, 0.141725
72.050000, 0.140975
72.100000, 0.136975
72.150000, 0.139850
72.200000, 0.143475
72.250000, 0.148950
72.300000, 0.151525
72.350000, 0.150225
72.400000, 0.150150
72.450000, 0.151475
72.500000, 0.153950
72.550000, 0.151325
72.600000, 0.153875
72.650000, 0.154375
72.700000, 0.153250
72.750000, 0.157400
72.800000, 0.156950
72.850000, 0.158025
72.900000, 0.159975
72.950000, 0.157075
73.000000, 0.160875
73.050000, 0.158525
73.100000, 0.163050
73.150000, 0.163200
73.200000, 0.162250
73.250000, 0.164400
73.300000, 0.160775
73.350000, 0.160825
73.400000, 0.162575
73.450000, 0.164675
73.500000, 0.166425
73.550000, 0.164875
73.600000, 0.165825
73.650000, 0.166650
73.700000, 0.162975
73.750000, 0.163100
73.800000, 0.166300
73.850000, 0.166250
73.900000, 0.163475
73.950000, 0.163325
74.000000, 0.162775
74.050000, 0.163475
74.100000, 0.167850
74.150000, 0.168550
74.200000, 0.170250
74.250000, 0.166750
74.300000, 0.166600
74.350000, 0.167875
74.400000, 0.168925
74.450000, 0.167275
74.500000, 0.163900
74.550000, 0.162100
74.600000, 0.160525
74.650000, 0.159125
74.700000, 0.159150
74.750000, 0.158750
74.800000, 0.158900
74.850000, 0.161975
74.900000, 0.164075
74.950000, 0.162425
75.000000, 0.159375
75.050000, 0.159150
75.100000, 0.158150
75.150000, 0.157750
75.200000, 0.156225
75.250000, 0.155425
75.300000, 0.155650
75.350000, 0.156175
75.400000, 0.158100
75.450000, 0.157400
75.500000, 0.158525
75.550000, 0.162900
75.600000, 0.165250
75.650000, 0.167950
75.700000, 0.168325
75.750000, 0.170075
75.800000, 0.168325
75.850000, 0.168025
75.900000, 0.168050
75.950000, 0.168350
76.000000, 0.167500
76.050000, 0.164550
76.100000, 0.167850
76.150000, 0.165125
76.200000, 0.164950
76.250000, 0.164100
76.300000, 0.167775
76.350000, 0.170875
76.400000, 0.172225
76.450000, 0.176125
76.500000, 0.174275
76.550000, 0.171300
76.600000, 0.170950
76.650000, 0.171875
76.700000, 0.171975
76.750000, 0.170200
76.800000, 0.173725
76.850000, 0.177450
76.900000, 0.180950
76.950000, 0.181750
77.000000, 0.182675
77.050000, 0.184600
77.100000, 0.186125
77.150000, 0.186875
77.200000, 0.185900
77.250000, 0.184875
77.300000, 0.188700
77.350000, 0.187775
77.400000, 0.186850
77.450000, 0.187050
77.500000, 0.186175
77.550000, 0.191250
77.600000, 0.191425
77.650000, 0.193000
77.700000, 0.193300
77.750000, 0.193325
77.800000, 0.192725
77.850000, 0.194225
77.900000, 0.194875
77.950000, 0.193400
78.000000, 0.194325
78.050000, 0.196475
78.100000, 0.197725
78.150000, 0.199700
78.200000, 0.199875
78.250000, 0.198300
78.300000, 0.197175
78.350000, 0.196750
78.400000, 0.194575
78.450000, 0.192625
78.500000, 0.193950
78.550000, 0.194400
78.600000, 0.192225
78.650000, 0.191175
78.700000, 0.191675
78.750000, 0.191800
78.800000, 0.192950
78.850000, 0.190400
78.900000, 0.188225
78.950000, 0.187700
79.000000, 0.185600
79.050000, 0.188375
79.100000, 0.188450
79.150000, 0.185150
79.200000, 0.188000
79.250000, 0.189450
79.300000, 0.185975
79.350000, 0.183275
79.400000, 0.184750
79.450000, 0.189625
79.500000, 0.188075
79.550000, 0.188275
79.600000, 0.187175
79.650000, 0.185675
79.700000, 0.181250
79.750000, 0.180900
79.800000, 0.180200
79.850000, 0.179775
79.900000, 0.179175
79.950000, 0.180950
80.000000, 0.178875
80.050000, 0.179725
80.100000, 0.181575
80.150000, 0.185700
80.200000, 0.182800
80.250000, 0.181800
80.300000, 0.185350
80.350000, 0.185750
80.400000, 0.185275
80.450000, 0.186025
80.500000, 0.186575
80.550000, 0.186100
80.600000, 0.192200
80.650000, 0.194600
80.700000, 0.193550
80.750000, 0.193025
80.800000, 0.191650
80.850000, 0.191350
80.900000, 0.190375
80.950000, 0.192575
81.000000, 0.192275
81.050000, 0.197650
81.100000, 0.196450
81.150000, 0.195975
81.200000, 0.197775
81.250000, 0.200350
81.300000, 0.202700
81.350000, 0.204425
81.400000, 0.200950
81.450000, 0.201025
81.500000, 0.200175
81.550000, 0.200250
81.600000, 0.200300
81.650000, 0.202050
81.700000, 0.201700
81.750000, 0.202600
81.800000, 0.206450
81.850000, 0.208875
81.900000, 0.213425
81.950000, 0.212525
82.000000, 0.214150
82.050000, 0.212975
82.100000, 0.212775
82.150000, 0.213025
82.200000, 0.211300
82.250000, 0.212075
82.300000, 0.211575
82.350000, 0.206125
82.400000, 0.205150
82.450000, 0.199675
82.500000, 0.200400
82.550000, 0.199850
82.600000, 0.199175
82.650000, 0.199300
82.700000, 0.198200
82.750000, 0.197750
82.800000, 0.198325
82.850000, 0.197975
82.900000, 0.196625
82.950000, 0.196350
83.000000, 0.196825
83.050000, 0.197725
83.100000, 0.196450
83.150000, 0.196425
83.200000, 0.197850
83.250000, 0.197975
83.300000, 0.196550
83.350000, 0.199425
83.400000, 0.198725
83.450000, 0.198000
83.500000, 0.196600
83.550000, 0.193150
83.600000, 0.190625
83.650000, 0.194175
83.700000, 0.192475
83.750000, 0.192125
83.800000, 0.191175
83.850000, 0.191650
83.900000, 0.195975
83.950000, 0.197200
84.000000, 0.192475
84.050000, 0.190425
84.100000, 0.189275
84.150000, 0.185325
84.200000, 0.186250
84.250000, 0.188875
84.300000, 0.187300
84.350000, 0.189700
84.400000, 0.188225
84.450000, 0.184925
84.500000, 0.180800
84.550000, 0.181975
84.600000, 0.181325
84.650000, 0.179450
84.700000, 0.183450
84.750000, 0.186000
84.800000, 0.186950
84.850000, 0.186725
84.900000, 0.184225
84.950000, 0.182450
85.000000, 0.183700
85.050000, 0.182850
85.100000, 0.182700
85.150000, 0.181875
85.200000, 0.182075
85.250000, 0.184750
85.300000, 0.186650
85.350000, 0.186450
85.400000, 0.187950
85.450000, 0.188475
85.500000, 0.187725
85.550000, 0.187400
85.600000, 0.186775
85.650000, 0.185925
85.700000, 0.184275
85.750000, 0.181525
85.800000, 0.182750
85.850000, 0.182300
85.900000, 0.182300
85.950000, 0.184025
86.000000, 0.187550
86.050000, 0.185925
86.100000, 0.185625
86.150000, 0.185550
86.200000, 0.185900
86.250000, 0.185075
86.300000, 0.184175
86.350000, 0.182000
86.400000, 0.182550
86.450000, 0.183300
86.500000, 0.182225
86.550000, 0.184500
86.600000, 0.180575
86.650000, 0.178750
86.700000, 0.177000
86.750000, 0.179025
86.800000, 0.182900
86.850000, 0.183950
86.900000, 0.179025
86.950000, 0.175300
87.000000, 0.173900
87.050000, 0.173750
87.100000, 0.175525
87.150000, 0.174275
87.200000, 0.174450
87.250000, 0.171900
87.300000, 0.169850
87.350000, 0.165850
87.400000, 0.168575
87.450000, 0.165700
87.500000, 0.168150
87.550000, 0.166575
87.600000, 0.166500
87.650000, 0.169450
87.700000, 0.170625
87.750000, 0.169950
87.800000, 0.170350
87.850000, 0.172125
87.900000, 0.170675
87.950000, 0.167900
88.000000, 0.165375
88.050000, 0.162275
88.100000, 0.163550
88.150000, 0.160275
88.200000, 0.161625
88.250000, 0.166050
88.300000, 0.165625
88.350000, 0.163075
88.400000, 0.167400
88.450000, 0.167000
88.500000, 0.166050
88.550000, 0.168900
88.600000, 0.168025
88.650000, 0.167575
88.700000, 0.166075
88.750000, 0.166875
88.800000, 0.166150
88.850000, 0.160300
88.900000, 0.155525
88.950000, 0.154950
89.000000, 0.155700
89.050000, 0.153825
89.100000, 0.156975
89.150000, 0.156025
89.200000, 0.155450
89.250000, 0.155675
89.300000, 0.156150
89.350000, 0.159225
89.400000, 0.162725
89.450000, 0.162300
89.500000, 0.162150
89.550000, 0.160300
89.600000, 0.162750
89.650000, 0.164075
89.700000, 0.164450
89.750000, 0.164500
89.800000, 0.166150
89.850000, 0.166000
89.900000, 0.170600
89.950000, 0.171475
90.000000, 0.169150
90.050000, 0.171175
90.100000, 0.168875
90.150000, 0.166900
90.200000, 0.168450
90.250000, 0.169775
90.300000, 0.174225
90.350000, 0.174150
90.400000, 0.176225
90.450000, 0.176850
90.500000, 0.177600
90.550000, 0.175075
90.600000, 0.174000
90.650000, 0.173050
90.700000, 0.176625
90.750000, 0.176600
90.800000, 0.179100
90.850000, 0.181400
90.900000, 0.181925
90.950000, 0.179550
91.000000, 0.184775
91.050000, 0.186850
91.100000, 0.187300
91.150000, 0.186575
91.200000, 0.186225
91.250000, 0.186150
91.300000, 0.187975
91.350000, 0.191225
91.400000, 0.193075
91.450000, 0.199125
91.500000, 0.199600
91.550000, 0.203075
91.600000, 0.202200
91.650000, 0.201725
91.700000, 0.202425
91.750000, 0.205275
91.800000, 0.203425
91.850000, 0.204625
91.900000, 0.206950
91.950000, 0.204975
92.000000, 0.204575
92.050000, 0.207225
92.100000, 0.211375
92.150000, 0.215525
92.200000, 0.212325
92.250000, 0.213525
92.300000, 0.216100
92.350000, 0.217325
92.400000, 0.216400
92.450000, 0.219450
92.500000, 0.224300
92.550000, 0.223825
92.600000, 0.223475
92.650000, 0.228750
92.700000, 0.230650
92.750000, 0.233525
92.800000, 0.233975
92.850000, 0.236950
92.900000, 0.242800
92.950000, 0.246250
93.000000, 0.243525
93.050000, 0.243450
93.100000, 0.243500
93.150000, 0.240400
93.200000, 0.242050
93.250000, 0.243350
93.300000, 0.244475
93.350000, 0.242375
93.400000, 0.242050
93.450000, 0.241250
93.500000, 0.245400
93.550000, 0.245525
93.600000, 0.246650
93.650000, 0.246400
93.700000, 0.247525
93.750000, 0.249200
93.800000, 0.250275
93.850000, 0.252825
93.900000, 0.253725
93.950000, 0.259150
94.000000, 0.259450
94.050000, 0.259850
94.100000, 0.258800
94.150000, 0.257175
94.200000, 0.258600
94.250000, 0.254100
94.300000, 0.255225
94.350000, 0.252900
94.400000, 0.253800
94.450000, 0.256975
94.500000, 0.261050
94.550000, 0.261825
94.600000, 0.261900
94.650000, 0.262375
94.700000, 0.264900
94.750000, 0.262075
94.800000, 0.263225
94.850000, 0.266525
94.900000, 0.271950
94.950000, 0.271050
95.000000, 0.272325
95.050000, 0.270150
95.100000, 0.267125
95.150000, 0.268525
95.200000, 0.271575
95.250000, 0.274500
95.300000, 0.275850
95.350000, 0.277225
95.400000, 0.278525
95.450000, 0.282325
95.500000, 0.285300
95.550000, 0.285425
95.600000, 0.287975
95.650000, 0.286725
95.700000, 0.292675
95.750000, 0.293250
95.800000, 0.294050
95.850000, 0.294725
95.900000, 0.297975
95.950000, 0.298600
96.000000, 0.296950
96.050000, 0.298800
96.100000, 0.300750
96.150000, 0.301675
96.200000, 0.304800
96.250000, 0.308025
96.300000, 0.305525
96.350000, 0.306450
96.400000, 0.307825
96.450000, 0.312525
96.500000, 0.311100
96.550000, 0.309675
96.600000, 0.309925
96.650000, 0.312300
96.700000, 0.312650
96.750000, 0.315525
96.800000, 0.311600
96.850000, 0.313375
96.900000, 0.310300
96.950000, 0.312575
97.000000, 0.314925
97.050000, 0.311900
97.100000, 0.314250
97.150000, 0.312975
97.200000, 0.318325
97.250000, 0.318425
97.300000, 0.316500
97.350000, 0.319000
97.400000, 0.318250
97.450000, 0.320325
97.500000, 0.320600
97.550000, 0.322175
97.600000, 0.322150
97.650000, 0.320525
97.700000, 0.318900
97.750000, 0.321625
97.800000, 0.320175
97.850000, 0.322400
97.900000, 0.325650
97.950000, 0.325675
98.000000, 0.323850
98.050000, 0.322250
98.100000, 0.324925
98.150000, 0.326725
98.200000, 0.327125
98.250000, 0.330075
98.300000, 0.327225
98.350000, 0.331350
98.400000, 0.332725
98.450000, 0.338475
98.500000, 0.337350
98.550000, 0.337600
98.600000, 0.340375
98.650000, 0.343025
98.700000, 0.344150
98.750000, 0.348075
98.800000, 0.349725
98.850000, 0.349200
98.900000, 0.349375
98.950000, 0.352325
99.000000, 0.351300
99.050000, 0.353050
99.100000, 0.356300
99.150000, 0.354900
99.200000, 0.359125
99.250000, 0.361775
99.300000, 0.363050
99.350000, 0.360000
99.400000, 0.360825
99.450000, 0.362325
99.500000, 0.356925
99.550000, 0.353200
99.600000, 0.354675
99.650000, 0.356900
99.700000, 0.356700
99.750000, 0.357800
99.800000, 0.362250
99.850000, 0.363575
99.900000, 0.362925
99.950000, 0.364500
100.000000, 0.364525
100.050000, 0.364675
100.100000, 0.362450
100.150000, 0.364250
100.200000, 0.367600
100.250000, 0.366675
100.300000, 0.367125
100.350000, 0.367500
100.400000, 0.367225
100.450000, 0.368425
100.500000, 0.367925
100.550000, 0.365200
100.600000, 0.367375
100.650000, 0.367325
100.700000, 0.371025
100.750000, 0.370050
100.800000, 0.372975
100.850000, 0.374750
100.900000, 0.378625
100.950000, 0.381550
101.000000, 0.379900
101.050000, 0.385550
101.100000, 0.385400
101.150000, 0.383950
101.200000, 0.385525
101.250000, 0.387875
101.300000, 0.388175
101.350000, 0.388900
101.400000, 0.387900
101.450000, 0.387275
101.500000, 0.389075
101.550000, 0.392750
101.600000, 0.393625
101.650000, 0.393075
101.700000, 0.393425
101.750000, 0.394800
101.800000, 0.397650
101.850000, 0.399550
101.900000, 0.397275
101.950000, 0.400150
102.000000, 0.398875
102.050000, 0.400675
102.100000, 0.402500
102.150000, 0.405200
102.200000, 0.406950
102.250000, 0.409600
102.300000, 0.410875
102.350000, 0.409575
102.400000, 0.412825
102.450000, 0.413800
102.500000, 0.414175
102.550000, 0.413900
102.600000, 0.418350
102.650000, 0.420200
102.700000, 0.420350
102.750000, 0.422375
102.800000, 0.424200
102.850000, 0.423550
102.900000, 0.420975
102.950000, 0.425700
103.000000, 0.427275
103.050000, 0.426200
103.100000, 0.426375
103.150000, 0.427725
103.200000, 0.430300
103.250000, 0.428075
103.300000, 0.428450
103.350000, 0.427075
103.400000, 0.422400
103.450000, 0.419400
103.500000, 0.420150
103.550000, 0.423425
103.600000, 0.425225
103.650000, 0.427100
103.700000, 0.430625
103.750000, 0.430850
103.800000, 0.431525
103.850000, 0.432125
103.900000, 0.430700
103.950000, 0.430500
104.000000, 0.428775
104.050000, 0.429050
104.100000, 0.430175
104.150000, 0.433175
104.200000, 0.434550
104.250000, 0.436325
104.300000, 0.436675
104.350000, 0.433250
104.400000, 0.429550
104.450000, 0.429725
104.500000, 0.430525
104.550000, 0.431100
104.600000, 0.431700
104.650000, 0.428925
104.700000, 0.432050
104.750000, 0.431325
104.800000, 0.433925
104.850000, 0.437200
104.900000, 0.439800
104.950000, 0.440325
105.000000, 0.440475
105.050000, 0.442425
105.100000, 0.443275
105.150000, 0.442700
105.200000, 0.444125
105.250000, 0.447425
105.300000, 0.448675
105.350000, 0.451800
105.400000, 0.456725
105.450000, 0.458750
105.500000, 0.462675
105.550000, 0.465275
105.600000, 0.468275
105.650000, 0.470400
105.700000, 0.470750
105.750000, 0.472000
105.800000, 0.472100
105.850000, 0.477350
105.900000, 0.482350
105.950000, 0.481100
106.000000, 0.482625
106.050000, 0.482500
106.100000, 0.483275
106.150000, 0.485775
106.200000, 0.488850
106.250000, 0.496225
106.300000, 0.496050
106.350000, 0.499000
106.400000, 0.501425
106.450000, 0.506350
106.500000, 0.511400
106.550000, 0.513225
106.600000, 0.512100
106.650000, 0.512125
106.700000, 0.513050
106.750000, 0.517650
106.800000, 0.520375
106.850000, 0.518200
106.900000, 0.519900
106.950000, 0.516475
107.000000, 0.517375
107.050000, 0.519800
107.100000, 0.523300
107.150000, 0.526000
107.200000, 0.526100
107.250000, 0.527575
107.300000, 0.526550
107.350000, 0.528100
107.400000, 0.527375
107.450000, 0.525500
107.500000, 0.526775
107.550000, 0.524750
107.600000, 0.523750
107.650000, 0.524300
107.700000, 0.522825
107.750000, 0.523575
107.800000, 0.525600
107.850000, 0.525750
107.900000, 0.523450
107.950000, 0.528500
108.000000, 0.527225
108.050000, 0.529675
108.100000, 0.531675
108.150000, 0.534025
108.200000, 0.536775
108.250000, 0.541825
108.300000, 0.548825
108.350000, 0.552500
108.400000, 0.557075
108.450000, 0.556250
108.500000, 0.556975
108.550000, 0.557375
108.600000, 0.561275
108.650000, 0.558600
108.700000, 0.558550
108.750000, 0.560150
108.800000, 0.558700
108.850000, 0.557225
108.900000, 0.556575
108.950000, 0.555975
109.000000, 0.555975
109.050000, 0.555475
109.100000, 0.556450
109.150000, 0.556975
109.200000, 0.558800
109.250000, 0.558700
109.300000, 0.559575
109.350000, 0.559100
109.400000, 0.558200
109.450000, 0.556675
109.500000, 0.557675
109.550000, 0.560025
109.600000, 0.559800
109.650000, 0.560925
109.700000, 0.564150
109.750000, 0.561825
109.800000, 0.561100
109.850000, 0.561225
109.900000, 0.564275
109.950000, 0.567300
110.000000, 0.567200
110.050000, 0.567600
110.100000, 0.570550
110.150000, 0.567200
110.200000, 0.569575
110.250000, 0.572700
110.300000, 0.574350
110.350000, 0.574275
110.400000, 0.572275
110.450000, 0.574750
110.500000, 0.577900
110.550000, 0.576475
110.600000, 0.574000
110.650000, 0.577600
110.700000, 0.577575
110.750000, 0.580475
110.800000, 0.582300
110.850000, 0.585225
110.900000, 0.584800
110.950000, 0.587650
111.000000, 0.589250
111.050000, 0.591725
111.100000, 0.590675
111.150000, 0.593325
111.200000, 0.596500
111.250000, 0.597925
111.300000, 0.602650
111.350000, 0.603850
111.400000, 0.603450
111.450000, 0.600975
111.500000, 0.598175
111.550000, 0.599025
111.600000, 0.597200
111.650000, 0.602875
111.700000, 0.607100
111.750000, 0.607650
111.800000, 0.607525
111.850000, 0.611800
111.900000, 0.609250
111.950000, 0.605975
112.000000, 0.606975
112.050000, 0.608950
112.100000, 0.610225
112.150000, 0.607425
112.200000, 0.607950
112.250000, 0.604525
112.300000, 0.598850
112.350000, 0.602750
112.400000, 0.596150
112.450000, 0.593250
112.500000, 0.593500
112.550000, 0.592125
112.600000, 0.594125
112.650000, 0.593725
112.700000, 0.591325
112.750000, 0.590150
112.800000, 0.591950
112.850000, 0.590625
112.900000, 0.596350
112.950000, 0.596375
113.000000, 0.595550
113.050000, 0.601850
113.100000, 0.603725
113.150000, 0.599300
113.200000, 0.600500
113.250000, 0.599675
113.300000, 0.599150
113.350000, 0.594950
113.400000, 0.594175
113.450000, 0.594500
113.500000, 0.595750
113.550000, 0.594175
113.600000, 0.600350
