10.550000, 0.001002
10.600000, -0.000297
10.650000, 0.000105
10.700000, 0.001681
10.750000, 0.001083
10.800000, 0.002534
10.850000, 0.001961
10.900000, 0.003337
10.950000, 0.004739
11.000000, 0.005141
11.050000, 0.004442
11.100000, 0.008394
11.150000, 0.011270
11.200000, 0.010297
11.250000, 0.008373
11.300000, 0.006725
11.350000, 0.009202
11.400000, 0.011078
11.450000, 0.010405
11.500000, 0.009206
11.550000, 0.007833
11.600000, 0.005009
11.650000, -0.000164
11.700000, 0.000038
11.750000, 0.000514
11.800000, -0.001709
11.850000, -0.004908
11.900000, -0.006731
11.950000, -0.007680
12.000000, -0.006053
12.050000, -0.009877
12.100000, -0.008575
12.150000, -0.009923
12.200000, -0.011072
12.250000, -0.011295
12.300000, -0.008844
12.350000, -0.008742
12.400000, -0.009291
12.450000, -0.008114
12.500000, -0.010812
12.550000, -0.004186
12.600000, -0.002584
12.650000, -0.001158
12.700000, 0.003469
12.750000, 0.005245
12.800000, 0.008022
12.850000, 0.006698
12.900000, 0.007450
12.950000, 0.004877
13.000000, 0.002828
13.050000, 0.002230
13.100000, 0.001431
13.150000, 0.000633
13.200000, 0.000559
13.250000, 0.002636
13.300000, 0.002438
13.350000, 0.000764
13.400000, 0.000141
13.450000, 0.000367
13.500000, 0.003169
13.550000, 0.001770
13.600000, 0.004872
13.650000, 0.003773
13.700000, -0.000425
13.750000, 0.001327
13.800000, 0.001078
13.850000, 0.001455
13.900000, 0.001406
13.950000, 0.002258
14.000000, 0.003184
14.050000, 0.004686
14.100000, 0.006688
14.150000, 0.004664
14.200000, 0.005091
14.250000, 0.005317
14.300000, 0.004569
14.350000, 0.002895
14.400000, 0.000597
14.450000, 0.001848
14.500000, 0.001600
14.550000, 0.003002
14.600000, 0.002353
14.650000, 0.001205
14.700000, 0.001931
14.750000, 0.002308
14.800000, 0.002209
14.850000, -0.001514
14.900000, -0.002537
14.950000, -0.000586
15.000000, 0.000366
15.050000, 0.000417
15.100000, 0.002119
15.150000, -0.000430
15.200000, 0.000747
15.250000, 0.000698
15.300000, -0.002300
15.350000, -0.005573
15.400000, -0.005847
15.450000, -0.005320
15.500000, -0.006619
15.550000, -0.008592
15.600000, -0.010641
15.650000, -0.011564
15.700000, -0.009812
15.750000, -0.008736
15.800000, -0.013459
15.850000, -0.015383
15.900000, -0.013781
15.950000, -0.011955
16.000000, -0.012053
16.050000, -0.014502
16.100000, -0.015550
16.150000, -0.015998
16.200000, -0.018222
16.250000, -0.022145
16.300000, -0.015619
16.350000, -0.017517
16.400000, -0.018066
16.450000, -0.017164
16.500000, -0.021188
16.550000, -0.028911
16.600000, -0.029384
16.650000, -0.029358
16.700000, -0.027556
16.750000, -0.028880
16.800000, -0.027678
16.850000, -0.027552
16.900000, -0.030375
16.950000, -0.029173
17.000000, -0.026222
17.050000, -0.025570
17.100000, -0.026594
17.150000, -0.027892
17.200000, -0.028566
17.250000, -0.028714
17.300000, -0.030313
17.350000, -0.032011
17.400000, -0.032359
17.450000, -0.028733
17.500000, -0.027206
17.550000, -0.028205
17.600000, -0.027253
17.650000, -0.028877
17.700000, -0.029550
17.750000, -0.027873
17.800000, -0.030072
17.850000, -0.031695
17.900000, -0.029769
17.950000, -0.028517
18.000000, -0.029441
18.050000, -0.031714
18.100000, -0.031762
18.150000, -0.034086
18.200000, -0.036834
18.250000, -0.040233
18.300000, -0.042256
18.350000, -0.045980
18.400000, -0.044603
18.450000, -0.047277
18.500000, -0.050325
18.550000, -0.050523
18.600000, -0.053197
18.650000, -0.053595
18.700000, -0.052594
18.750000, -0.055267
18.800000, -0.056116
18.850000, -0.058464
18.900000, -0.056637
18.950000, -0.058411
19.000000, -0.056709
19.050000, -0.056583
19.100000, -0.055756
19.150000, -0.058555
19.200000, -0.058403
19.250000, -0.057852
19.300000, -0.059425
19.350000, -0.057448
19.400000, -0.056847
19.450000, -0.057470
19.500000, -0.058544
19.550000, -0.058267
19.600000, -0.056966
19.650000, -0.054014
19.700000, -0.052662
19.750000, -0.050386
19.800000, -0.048234
19.850000, -0.047533
19.900000, -0.046256
19.950000, -0.045930
20.000000, -0.044428
20.050000, -0.043777
20.100000, -0.042200
20.150000, -0.040998
20.200000, -0.041647
20.250000, -0.039895
20.300000, -0.039769
20.350000, -0.037117
20.400000, -0.035666
20.450000, -0.038439
20.500000, -0.043962
20.550000, -0.045961
20.600000, -0.048984
20.650000, -0.051808
20.700000, -0.051381
20.750000, -0.054730
20.800000, -0.060153
20.850000, -0.063052
20.900000, -0.062075
20.950000, -0.060873
21.000000, -0.061697
21.050000, -0.063295
21.100000, -0.064594
21.150000, -0.062942
21.200000, -0.062241
21.250000, -0.058939
21.300000, -0.060587
21.350000, -0.061536
21.400000, -0.068934
21.450000, -0.070383
21.500000, -0.067856
21.550000, -0.069480
21.600000, -0.069253
21.650000, -0.064727
21.700000, -0.066225
21.750000, -0.067973
21.800000, -0.072122
21.850000, -0.072920
21.900000, -0.072794
21.950000, -0.070592
22.000000, -0.073916
22.050000, -0.073814
22.100000, -0.072512
22.150000, -0.073811
22.200000, -0.075609
22.250000, -0.076433
22.300000, -0.076306
22.350000, -0.076330
22.400000, -0.079978
22.450000, -0.081002
22.500000, -0.083400
22.550000, -0.078398
22.600000, -0.080322
22.650000, -0.078595
22.700000, -0.076894
22.750000, -0.077567
22.800000, -0.080816
22.850000, -0.083064
22.900000, -0.084687
22.950000, -0.086636
23.000000, -0.083034
23.050000, -0.081358
23.100000, -0.082331
23.150000, -0.084455
23.200000, -0.085853
23.250000, -0.088502
23.300000, -0.089625
23.350000, -0.094198
23.400000, -0.093147
23.450000, -0.093370
23.500000, -0.093494
23.550000, -0.095267
23.600000, -0.092441
23.650000, -0.093364
23.700000, -0.094412
23.750000, -0.096861
23.800000, -0.099109
23.850000, -0.097658
23.900000, -0.099056
23.950000, -0.098230
24.000000, -0.095878
24.050000, -0.096102
24.100000, -0.096150
24.150000, -0.095698
24.200000, -0.101447
24.250000, -0.104320
24.300000, -0.103619
24.350000, -0.102367
24.400000, -0.101666
24.450000, -0.103814
24.500000, -0.104637
24.550000, -0.103286
24.600000, -0.101259
24.650000, -0.101908
24.700000, -0.103131
24.750000, -0.103330
24.800000, -0.104128
24.850000, -0.107652
24.900000, -0.108000
24.950000, -0.107373
25.000000, -0.106847
25.050000, -0.108145
25.100000, -0.107894
25.150000, -0.105517
25.200000, -0.107616
25.250000, -0.106164
25.300000, -0.108462
25.350000, -0.110986
25.400000, -0.112359
25.450000, -0.111083
25.500000, -0.114556
25.550000, -0.117080
25.600000, -0.116603
25.650000, -0.117152
25.700000, -0.118000
25.750000, -0.121048
25.800000, -0.122447
25.850000, -0.125570
25.900000, -0.124969
25.950000, -0.124517
26.000000, -0.125866
26.050000, -0.123889
26.100000, -0.121587
26.150000, -0.123361
26.200000, -0.122584
26.250000, -0.124183
26.300000, -0.126681
26.350000, -0.122280
26.400000, -0.121428
26.450000, -0.119952
26.500000, -0.122150
26.550000, -0.122098
26.600000, -0.124747
26.650000, -0.128220
26.700000, -0.130619
26.750000, -0.130992
26.800000, -0.132516
26.850000, -0.137739
26.900000, -0.142937
26.950000, -0.143786
27.000000, -0.144409
27.050000, -0.145958
27.100000, -0.143406
27.150000, -0.143480
27.200000, -0.142528
27.250000, -0.140327
27.300000, -0.140375
27.350000, -0.143998
27.400000, -0.146422
27.450000, -0.145970
27.500000, -0.149069
27.550000, -0.150392
27.600000, -0.151541
27.650000, -0.153214
27.700000, -0.154737
27.750000, -0.159886
27.800000, -0.162584
27.850000, -0.161558
27.900000, -0.159356
27.950000, -0.162405
28.000000, -0.161478
28.050000, -0.161277
28.100000, -0.165600
28.150000, -0.165898
28.200000, -0.167122
28.250000, -0.170420
28.300000, -0.171019
28.350000, -0.172517
28.400000, -0.170591
28.450000, -0.170814
28.500000, -0.172412
28.550000, -0.171736
28.600000, -0.172459
28.650000, -0.176683
28.700000, -0.176781
28.750000, -0.178580
28.800000, -0.178828
28.850000, -0.180802
28.900000, -0.178075
28.950000, -0.181673
29.000000, -0.184397
29.050000, -0.183045
29.100000, -0.184369
29.150000, -0.187167
29.200000, -0.187116
29.250000, -0.187914
29.300000, -0.186662
29.350000, -0.185511
29.400000, -0.188634
29.450000, -0.191208
29.500000, -0.192431
29.550000, -0.196030
29.600000, -0.197403
29.650000, -0.197927
29.700000, -0.197100
29.750000, -0.199748
29.800000, -0.202497
29.850000, -0.200270
29.900000, -0.202094
29.950000, -0.205092
30.000000, -0.200441
30.050000, -0.200589
30.100000, -0.202813
30.150000, -0.200236
30.200000, -0.199484
30.250000, -0.204583
30.300000, -0.206681
30.350000, -0.206005
30.400000, -0.207303
30.450000, -0.208752
30.500000, -0.210000
30.550000, -0.213398
30.600000, -0.214247
30.650000, -0.213670
30.700000, -0.218469
30.750000, -0.221367
30.800000, -0.220916
30.850000, -0.219339
30.900000, -0.218538
30.950000, -0.216636
31.000000, -0.219384
31.050000, -0.218308
31.100000, -0.220431
31.150000, -0.217480
31.200000, -0.220553
31.250000, -0.218927
31.300000, -0.220650
31.350000, -0.222073
31.400000, -0.221847
31.450000, -0.221970
31.500000, -0.221869
31.550000, -0.222542
31.600000, -0.222966
31.650000, -0.225689
31.700000, -0.226913
31.750000, -0.230336
31.800000, -0.235134
31.850000, -0.237458
31.900000, -0.238356
31.950000, -0.242255
32.000000, -0.240953
32.050000, -0.245277
32.100000, -0.248000
32.150000, -0.248723
32.200000, -0.248022
32.250000, -0.248870
32.300000, -0.249469
32.350000, -0.253292
32.400000, -0.257991
32.450000, -0.261214
32.500000, -0.263363
32.550000, -0.267111
32.600000, -0.268659
32.650000, -0.271483
32.700000, -0.271956
32.750000, -0.276205
32.800000, -0.277628
32.850000, -0.279177
32.900000, -0.280850
32.950000, -0.283048
33.000000, -0.283497
33.050000, -0.285345
33.100000, -0.287544
33.150000, -0.288092
33.200000, -0.288241
33.250000, -0.290264
33.300000, -0.288838
33.350000, -0.289486
33.400000, -0.285959
33.450000, -0.284608
33.500000, -0.282756
33.550000, -0.286255
33.600000, -0.287553
33.650000, -0.288777
33.700000, -0.289350
33.750000, -0.287548
33.800000, -0.288497
33.850000, -0.290770
33.900000, -0.292394
33.950000, -0.294142
34.000000, -0.293766
34.050000, -0.291114
34.100000, -0.294338
34.150000, -0.294211
34.200000, -0.297934
34.250000, -0.297408
34.300000, -0.300406
34.350000, -0.302780
34.400000, -0.301203
34.450000, -0.303627
34.500000, -0.303550
34.550000, -0.304373
34.600000, -0.304497
34.650000, -0.299795
34.700000, -0.301194
34.750000, -0.301292
34.800000, -0.302191
34.850000, -0.307139
34.900000, -0.310188
34.950000, -0.307511
35.000000, -0.313084
35.050000, -0.318233
35.100000, -0.320481
35.150000, -0.325155
35.200000, -0.329378
35.250000, -0.331527
35.300000, -0.332400
35.350000, -0.331798
35.400000, -0.331372
35.450000, -0.330420
35.500000, -0.335644
35.550000, -0.338717
35.600000, -0.335541
35.650000, -0.336689
35.700000, -0.340813
35.750000, -0.339786
35.800000, -0.339009
35.850000, -0.341208
35.900000, -0.345156
35.950000, -0.345330
36.000000, -0.346928
36.050000, -0.346127
36.100000, -0.350500
36.150000, -0.350348
36.200000, -0.354747
36.250000, -0.353845
36.300000, -0.355644
36.350000, -0.356992
36.400000, -0.357716
36.450000, -0.360389
36.500000, -0.364913
36.550000, -0.369236
36.600000, -0.372534
36.650000, -0.373258
36.700000, -0.374031
36.750000, -0.372055
36.800000, -0.374878
36.850000, -0.374377
36.900000, -0.372650
36.950000, -0.374598
37.000000, -0.376472
37.050000, -0.379445
37.100000, -0.376894
37.150000, -0.380342
37.200000, -0.382641
37.250000, -0.387839
37.300000, -0.385988
37.350000, -0.386136
37.400000, -0.390109
37.450000, -0.395908
37.500000, -0.398281
37.550000, -0.403155
37.600000, -0.405428
37.650000, -0.405227
37.700000, -0.404975
37.750000, -0.407198
37.800000, -0.409772
37.850000, -0.412495
37.900000, -0.412919
37.950000, -0.413317
38.000000, -0.416766
38.050000, -0.419389
38.100000, -0.418588
38.150000, -0.421061
38.200000, -0.421234
38.250000, -0.422258
38.300000, -0.417281
38.350000, -0.416005
38.400000, -0.419828
38.450000, -0.424102
38.500000, -0.422775
38.550000, -0.421423
38.600000, -0.419972
38.650000, -0.423945
38.700000, -0.425494
38.750000, -0.426592
38.800000, -0.424666
38.850000, -0.423264
38.900000, -0.423163
38.950000, -0.421436
39.000000, -0.420859
39.050000, -0.423708
39.100000, -0.425606
39.150000, -0.422605
39.200000, -0.425803
39.250000, -0.426227
39.300000, -0.427575
39.350000, -0.434373
39.400000, -0.436797
39.450000, -0.436045
39.500000, -0.437344
39.550000, -0.434392
39.600000, -0.433366
39.650000, -0.430564
39.700000, -0.435488
39.750000, -0.439086
39.800000, -0.441934
39.850000, -0.441758
39.900000, -0.444631
39.950000, -0.445730
40.000000, -0.445903
40.050000, -0.445577
40.100000, -0.446850
40.150000, -0.448598
40.200000, -0.447097
40.250000, -0.450245
40.300000, -0.450844
40.350000, -0.451742
40.400000, -0.454766
40.450000, -0.454339
40.500000, -0.454413
40.550000, -0.451511
40.600000, -0.449209
40.650000, -0.451233
40.700000, -0.452406
40.750000, -0.454505
40.800000, -0.456853
40.850000, -0.455177
40.900000, -0.455525
40.950000, -0.461198
41.000000, -0.461322
41.050000, -0.458570
41.100000, -0.457869
41.150000, -0.460967
41.200000, -0.461891
41.250000, -0.461039
41.300000, -0.465288
41.350000, -0.466261
41.400000, -0.468209
41.450000, -0.470133
41.500000, -0.469181
41.550000, -0.468455
41.600000, -0.471303
41.650000, -0.473927
41.700000, -0.472500
41.750000, -0.474023
41.800000, -0.476272
41.850000, -0.476320
41.900000, -0.478369
41.950000, -0.482917
42.000000, -0.479441
42.050000, -0.482214
42.100000, -0.485938
42.150000, -0.485086
42.200000, -0.487884
42.250000, -0.488808
42.300000, -0.491956
42.350000, -0.487255
42.400000, -0.486753
42.450000, -0.488077
42.500000, -0.488850
42.550000, -0.487473
42.600000, -0.488597
42.650000, -0.492370
42.700000, -0.496419
42.750000, -0.494592
42.800000, -0.497241
42.850000, -0.501514
42.900000, -0.508688
42.950000, -0.506786
43.000000, -0.506034
43.050000, -0.505458
43.100000, -0.504631
43.150000, -0.505930
43.200000, -0.508178
43.250000, -0.514202
43.300000, -0.515300
43.350000, -0.513273
43.400000, -0.514872
43.450000, -0.513495
43.500000, -0.512444
43.550000, -0.514067
43.600000, -0.513916
43.650000, -0.517014
43.700000, -0.518538
43.750000, -0.519086
43.800000, -0.521084
43.850000, -0.522633
43.900000, -0.526406
43.950000, -0.525180
44.000000, -0.527603
44.050000, -0.528927
44.100000, -0.527900
44.150000, -0.533748
44.200000, -0.534722
44.250000, -0.535770
44.300000, -0.534719
44.350000, -0.536517
44.400000, -0.536741
44.450000, -0.533864
44.500000, -0.533738
44.550000, -0.531736
44.600000, -0.532759
44.650000, -0.532158
44.700000, -0.532581
44.750000, -0.535855
44.800000, -0.540828
44.850000, -0.545227
44.900000, -0.545675
44.950000, -0.548723
45.000000, -0.548772
45.050000, -0.545895
45.100000, -0.545444
45.150000, -0.545917
45.200000, -0.544866
45.250000, -0.543614
45.300000, -0.545713
45.350000, -0.547286
45.400000, -0.548059
45.450000, -0.550383
45.500000, -0.549206
45.550000, -0.549630
45.600000, -0.550678
45.650000, -0.550102
45.700000, -0.551700
45.750000, -0.553223
45.800000, -0.555022
45.850000, -0.553195
45.900000, -0.553744
45.950000, -0.552517
46.000000, -0.553866
46.050000, -0.553264
46.100000, -0.554213
46.150000, -0.556086
46.200000, -0.555759
46.250000, -0.557583
46.300000, -0.560556
46.350000, -0.562780
46.400000, -0.562228
46.450000, -0.563477
46.500000, -0.564825
46.550000, -0.565548
46.600000, -0.564072
46.650000, -0.564845
46.700000, -0.569419
46.750000, -0.566942
46.800000, -0.564466
46.850000, -0.560514
46.900000, -0.563213
46.950000, -0.566161
47.000000, -0.568959
47.050000, -0.570433
47.100000, -0.567556
47.150000, -0.571355
47.200000, -0.576978
47.250000, -0.577977
47.300000, -0.576075
47.350000, -0.577098
47.400000, -0.580022
47.450000, -0.579020
47.500000, -0.580844
47.550000, -0.577467
47.600000, -0.579541
47.650000, -0.581889
47.700000, -0.586813
47.750000, -0.588436
47.800000, -0.590334
47.850000, -0.591358
47.900000, -0.589156
47.950000, -0.590905
48.000000, -0.590228
48.050000, -0.592402
48.100000, -0.596525
48.150000, -0.593948
48.200000, -0.591397
48.250000, -0.590795
48.300000, -0.589244
48.350000, -0.589642
48.400000, -0.590191
48.450000, -0.593489
48.500000, -0.597663
48.550000, -0.595161
48.600000, -0.597884
48.650000, -0.596508
48.700000, -0.596206
48.750000, -0.598030
48.800000, -0.598853
48.850000, -0.601827
48.900000, -0.602975
48.950000, -0.602123
49.000000, -0.601997
49.050000, -0.600745
49.100000, -0.599594
49.150000, -0.596392
49.200000, -0.598941
49.250000, -0.596614
49.300000, -0.599688
49.350000, -0.601436
49.400000, -0.600934
49.450000, -0.600633
49.500000, -0.599456
49.550000, -0.596280
49.600000, -0.593578
49.650000, -0.594302
49.700000, -0.593275
49.750000, -0.596698
49.800000, -0.597047
49.850000, -0.599070
49.900000, -0.604094
49.950000, -0.604492
50.000000, -0.605816
50.050000, -0.605939
50.100000, -0.604588
50.150000, -0.603561
50.200000, -0.606434
50.250000, -0.608783
50.300000, -0.609806
50.350000, -0.609530
50.400000, -0.611153
50.450000, -0.614127
50.500000, -0.608250
50.550000, -0.608648
50.600000, -0.610697
50.650000, -0.614745
50.700000, -0.621444
50.750000, -0.621767
50.800000, -0.620241
50.850000, -0.621414
50.900000, -0.622188
50.950000, -0.624336
51.000000, -0.623409
51.050000, -0.625358
51.100000, -0.629381
51.150000, -0.627755
51.200000, -0.629178
51.250000, -0.630202
51.300000, -0.633250
51.350000, -0.633973
51.400000, -0.633697
51.450000, -0.635170
51.500000, -0.636069
51.550000, -0.639992
51.600000, -0.638691
51.650000, -0.642514
51.700000, -0.645113
51.750000, -0.645436
51.800000, -0.648209
51.850000, -0.650908
51.900000, -0.653556
51.950000, -0.653955
52.000000, -0.655903
52.050000, -0.658677
52.100000, -0.660475
52.150000, -0.658473
52.200000, -0.658172
52.250000, -0.660720
52.300000, -0.661894
52.350000, -0.659817
52.400000, -0.664491
52.450000, -0.668489
52.500000, -0.671263
52.550000, -0.670161
52.600000, -0.673184
52.650000, -0.672508
52.700000, -0.674806
52.750000, -0.680005
52.800000, -0.680478
52.850000, -0.681327
52.900000, -0.684125
52.950000, -0.686848
53.000000, -0.686297
53.050000, -0.684045
53.100000, -0.684169
53.150000, -0.682117
53.200000, -0.682916
53.250000, -0.677714
53.300000, -0.677338
53.350000, -0.679361
53.400000, -0.676634
53.450000, -0.674433
53.500000, -0.674381
53.550000, -0.671505
53.600000, -0.669753
53.650000, -0.667777
53.700000, -0.670075
53.750000, -0.670673
53.800000, -0.674347
53.850000, -0.674220
53.900000, -0.678369
53.950000, -0.678117
54.000000, -0.680966
54.050000, -0.682564
54.100000, -0.682488
54.150000, -0.684286
54.200000, -0.690784
54.250000, -0.689983
54.300000, -0.690881
54.350000, -0.690755
54.400000, -0.692553
54.450000, -0.690877
54.500000, -0.693100
54.550000, -0.691073
54.600000, -0.688447
54.650000, -0.691795
54.700000, -0.691294
54.750000, -0.693967
54.800000, -0.691591
54.850000, -0.692739
54.900000, -0.691863
54.950000, -0.691786
55.000000, -0.689559
55.050000, -0.688583
55.100000, -0.684756
55.150000, -0.680880
55.200000, -0.683853
55.250000, -0.680727
55.300000, -0.677850
55.350000, -0.676973
55.400000, -0.673422
55.450000, -0.676095
55.500000, -0.675469
55.550000, -0.678042
55.600000, -0.678241
55.650000, -0.681789
55.700000, -0.681338
55.750000, -0.679911
55.800000, -0.679909
55.850000, -0.679808
55.900000, -0.679056
55.950000, -0.683280
56.000000, -0.678978
56.050000, -0.674452
56.100000, -0.677800
56.150000, -0.677648
56.200000, -0.679247
56.250000, -0.675720
56.300000, -0.671969
56.350000, -0.675317
56.400000, -0.675491
56.450000, -0.675489
56.500000, -0.676788
56.550000, -0.680436
56.600000, -0.679034
56.650000, -0.678208
56.700000, -0.677806
56.750000, -0.680605
56.800000, -0.682028
56.850000, -0.683577
56.900000, -0.682225
56.950000, -0.686073
57.000000, -0.689172
57.050000, -0.691145
57.100000, -0.693094
57.150000, -0.692067
57.200000, -0.692591
57.250000, -0.696564
57.300000, -0.696138
57.350000, -0.697661
57.400000, -0.699109
57.450000, -0.701633
57.500000, -0.704781
57.550000, -0.704230
57.600000, -0.703678
57.650000, -0.701902
57.700000, -0.702000
57.750000, -0.702998
57.800000, -0.699072
57.850000, -0.697520
57.900000, -0.697494
57.950000, -0.701342
58.000000, -0.705241
58.050000, -0.705314
58.100000, -0.704438
58.150000, -0.708111
58.200000, -0.708859
58.250000, -0.710683
58.300000, -0.713006
58.350000, -0.713055
58.400000, -0.717853
58.450000, -0.722152
58.500000, -0.725075
58.550000, -0.725173
58.600000, -0.727622
58.650000, -0.727045
58.700000, -0.724044
58.750000, -0.723342
58.800000, -0.723066
58.850000, -0.728039
58.900000, -0.728138
58.950000, -0.729586
59.000000, -0.726884
59.050000, -0.729008
59.100000, -0.730456
59.150000, -0.730455
59.200000, -0.731128
59.250000, -0.731927
59.300000, -0.729250
59.350000, -0.727923
59.400000, -0.729572
59.450000, -0.727120
59.500000, -0.724769
59.550000, -0.725767
59.600000, -0.724941
59.650000, -0.719414
59.700000, -0.723188
59.750000, -0.722586
59.800000, -0.721709
59.850000, -0.721383
59.900000, -0.720756
59.950000, -0.718580
60.000000, -0.717378
60.050000, -0.716477
60.100000, -0.712100
60.150000, -0.714098
60.200000, -0.716022
60.250000, -0.716870
60.300000, -0.717794
60.350000, -0.719067
60.400000, -0.715516
60.450000, -0.713839
60.500000, -0.713888
60.550000, -0.716111
60.600000, -0.723009
60.650000, -0.725808
60.700000, -0.726831
60.750000, -0.723280
60.800000, -0.725678
60.850000, -0.726302
60.900000, -0.727125
60.950000, -0.726323
61.000000, -0.727972
61.050000, -0.733820
61.100000, -0.732344
61.150000, -0.736442
61.200000, -0.738341
61.250000, -0.738889
61.300000, -0.739388
61.350000, -0.743886
61.400000, -0.741609
61.450000, -0.744083
61.500000, -0.747856
61.550000, -0.750380
61.600000, -0.746853
61.650000, -0.748652
61.700000, -0.752150
61.750000, -0.749748
61.800000, -0.754072
61.850000, -0.757395
61.900000, -0.758344
61.950000, -0.759992
62.000000, -0.761366
62.050000, -0.758989
62.100000, -0.758688
62.150000, -0.760586
62.200000, -0.759409
62.250000, -0.758433
62.300000, -0.760181
62.350000, -0.758080
62.400000, -0.759353
62.450000, -0.760952
62.500000, -0.759650
62.550000, -0.758398
62.600000, -0.759197
62.650000, -0.762595
62.700000, -0.765069
62.750000, -0.761342
62.800000, -0.761441
62.850000, -0.760089
62.900000, -0.758263
62.950000, -0.757836
63.000000, -0.756234
63.050000, -0.755458
63.100000, -0.754931
63.150000, -0.754830
63.200000, -0.757953
63.250000, -0.760627
63.300000, -0.762700
63.350000, -0.763798
63.400000, -0.765472
63.450000, -0.769420
63.500000, -0.766394
63.550000, -0.769767
63.600000, -0.772091
63.650000, -0.769864
63.700000, -0.766538
63.750000, -0.766136
63.800000, -0.766309
63.850000, -0.767433
63.900000, -0.769831
63.950000, -0.769955
64.000000, -0.772603
64.050000, -0.775827
64.100000, -0.777875
64.150000, -0.777273
64.200000, -0.774072
64.250000, -0.771245
64.300000, -0.769219
64.350000, -0.769292
64.400000, -0.763916
64.450000, -0.763739
64.500000, -0.762763
64.550000, -0.761461
64.600000, -0.762734
64.650000, -0.762658
64.700000, -0.761606
64.750000, -0.762705
64.800000, -0.764578
64.850000, -0.765627
64.900000, -0.767425
64.950000, -0.770423
65.000000, -0.766147
65.050000, -0.765970
65.100000, -0.769769
65.150000, -0.767992
65.200000, -0.766841
65.250000, -0.765089
65.300000, -0.763488
65.350000, -0.765236
65.400000, -0.767184
65.450000, -0.767958
65.500000, -0.765781
65.550000, -0.769330
65.600000, -0.772553
65.650000, -0.774752
65.700000, -0.775550
65.750000, -0.776898
65.800000, -0.776822
65.850000, -0.780020
65.900000, -0.777694
65.950000, -0.777817
66.000000, -0.776966
66.050000, -0.776664
66.100000, -0.773738
66.150000, -0.776686
66.200000, -0.779234
66.250000, -0.784508
66.300000, -0.784506
66.350000, -0.787430
66.400000, -0.788028
66.450000, -0.791327
66.500000, -0.789675
66.550000, -0.791523
66.600000, -0.797847
66.650000, -0.795395
66.700000, -0.791594
66.750000, -0.792517
66.800000, -0.795966
66.850000, -0.799264
66.900000, -0.801688
66.950000, -0.803461
67.000000, -0.805934
67.050000, -0.805208
67.100000, -0.806681
67.150000, -0.808805
67.200000, -0.808453
67.250000, -0.807302
67.300000, -0.808325
67.350000, -0.811248
67.400000, -0.812472
67.450000, -0.811770
67.500000, -0.813019
67.550000, -0.820092
67.600000, -0.821591
67.650000, -0.822064
67.700000, -0.825663
67.750000, -0.830611
67.800000, -0.830734
67.850000, -0.831733
67.900000, -0.831406
67.950000, -0.831230
68.000000, -0.834553
68.050000, -0.832527
68.100000, -0.833300
68.150000, -0.835548
68.200000, -0.841422
68.250000, -0.838345
68.300000, -0.839794
68.350000, -0.842242
68.400000, -0.841766
68.450000, -0.840939
68.500000, -0.844013
68.550000, -0.844711
68.600000, -0.846459
68.650000, -0.850083
68.700000, -0.850831
68.750000, -0.850480
68.800000, -0.847603
68.850000, -0.850827
68.900000, -0.852750
68.950000, -0.853823
69.000000, -0.855072
69.050000, -0.857470
69.100000, -0.858869
69.150000, -0.856467
69.200000, -0.857891
69.250000, -0.858889
69.300000, -0.860688
69.350000, -0.862186
69.400000, -0.863334
69.450000, -0.865683
69.500000, -0.865256
69.550000, -0.863805
69.600000, -0.865378
69.650000, -0.864427
69.700000, -0.868200
69.750000, -0.866623
69.800000, -0.867272
69.850000, -0.870745
69.900000, -0.867994
69.950000, -0.866792
70.000000, -0.863266
70.050000, -0.861739
70.100000, -0.867463
70.150000, -0.868811
70.200000, -0.867784
70.250000, -0.869683
70.300000, -0.868906
70.350000, -0.867555
70.400000, -0.868553
70.450000, -0.869577
70.500000, -0.870925
70.550000, -0.872273
70.600000, -0.866997
70.650000, -0.866320
70.700000, -0.867094
70.750000, -0.871842
70.800000, -0.873166
70.850000, -0.875964
70.900000, -0.875488
70.950000, -0.876636
71.000000, -0.876859
71.050000, -0.875658
71.100000, -0.875356
71.150000, -0.876655
71.200000, -0.874953
71.250000, -0.876752
71.300000, -0.875800
71.350000, -0.876698
71.400000, -0.873522
71.450000, -0.878645
71.500000, -0.878019
71.550000, -0.880842
71.600000, -0.881666
71.650000, -0.881639
71.700000, -0.880513
71.750000, -0.880561
71.800000, -0.883734
71.850000, -0.886433
71.900000, -0.886756
71.950000, -0.885080
72.000000, -0.884753
72.050000, -0.885727
72.100000, -0.886025
72.150000, -0.885898
72.200000, -0.887722
72.250000, -0.889720
72.300000, -0.890869
72.350000, -0.889967
72.400000, -0.889416
72.450000, -0.889589
72.500000, -0.888538
72.550000, -0.890736
72.600000, -0.889884
72.650000, -0.893383
72.700000, -0.893131
72.750000, -0.892530
72.800000, -0.893628
72.850000, -0.894052
72.900000, -0.896650
72.950000, -0.896023
73.000000, -0.899372
73.050000, -0.904770
73.100000, -0.904894
73.150000, -0.903617
73.200000, -0.904316
73.250000, -0.906064
73.300000, -0.903463
73.350000, -0.905486
73.400000, -0.907059
73.450000, -0.908333
73.500000, -0.910881
73.550000, -0.914230
73.600000, -0.917028
73.650000, -0.916602
73.700000, -0.918175
73.750000, -0.919098
73.800000, -0.918747
73.850000, -0.920170
73.900000, -0.921819
73.950000, -0.919717
74.000000, -0.918916
74.050000, -0.918414
74.100000, -0.918438
74.150000, -0.922236
74.200000, -0.922659
74.250000, -0.920808
74.300000, -0.921706
74.350000, -0.920730
74.400000, -0.921178
74.450000, -0.922752
74.500000, -0.924350
74.550000, -0.920723
74.600000, -0.918947
74.650000, -0.918595
74.700000, -0.916594
74.750000, -0.916017
74.800000, -0.917966
74.850000, -0.919164
74.900000, -0.920763
74.950000, -0.919311
75.000000, -0.921334
75.050000, -0.923183
75.100000, -0.924006
75.150000, -0.926280
75.200000, -0.929228
75.250000, -0.926652
75.300000, -0.929200
75.350000, -0.930623
75.400000, -0.932222
75.450000, -0.935520
75.500000, -0.939419
75.550000, -0.939267
75.600000, -0.941866
75.650000, -0.942189
75.700000, -0.943363
75.750000, -0.943336
75.800000, -0.940584
75.850000, -0.939833
75.900000, -0.943981
75.950000, -0.943055
76.000000, -0.939478
76.050000, -0.939452
76.100000, -0.938475
76.150000, -0.936248
76.200000, -0.935247
76.250000, -0.932870
76.300000, -0.929494
76.350000, -0.927217
76.400000, -0.927416
76.450000, -0.928239
76.500000, -0.929788
76.550000, -0.932661
76.600000, -0.936884
76.650000, -0.936108
76.700000, -0.940606
76.750000, -0.938930
76.800000, -0.940728
76.850000, -0.941102
76.900000, -0.943450
76.950000, -0.943648
77.000000, -0.941572
77.050000, -0.938195
77.100000, -0.938594
77.150000, -0.941692
77.200000, -0.941291
77.250000, -0.940589
77.300000, -0.942088
77.350000, -0.940461
77.400000, -0.940184
77.450000, -0.937483
77.500000, -0.934806
77.550000, -0.933105
77.600000, -0.934903
77.650000, -0.936052
77.700000, -0.932625
77.750000, -0.930523
77.800000, -0.929447
77.850000, -0.933120
77.900000, -0.935619
77.950000, -0.936467
78.000000, -0.941391
78.050000, -0.942064
78.100000, -0.944713
78.150000, -0.946861
78.200000, -0.945359
78.250000, -0.948583
78.300000, -0.948481
78.350000, -0.947730
78.400000, -0.946703
78.450000, -0.948277
78.500000, -0.950450
78.550000, -0.950973
78.600000, -0.956747
78.650000, -0.957595
78.700000, -0.956069
78.750000, -0.956442
78.800000, -0.956491
78.850000, -0.961414
78.900000, -0.961313
78.950000, -0.962511
79.000000, -0.963334
79.050000, -0.965458
79.100000, -0.960131
79.150000, -0.958230
79.200000, -0.957128
79.250000, -0.958552
79.300000, -0.961075
79.350000, -0.962723
79.400000, -0.967772
79.450000, -0.968070
79.500000, -0.968294
79.550000, -0.970217
79.600000, -0.969841
79.650000, -0.971064
79.700000, -0.972163
79.750000, -0.974111
79.800000, -0.976684
79.850000, -0.974508
79.900000, -0.977931
79.950000, -0.977880
80.000000, -0.973703
80.050000, -0.975827
80.100000, -0.976375
80.150000, -0.978673
80.200000, -0.977622
80.250000, -0.978845
80.300000, -0.977519
80.350000, -0.978542
80.400000, -0.979516
80.450000, -0.983764
80.500000, -0.984663
80.550000, -0.987511
80.600000, -0.988884
80.650000, -0.991783
80.700000, -0.988031
80.750000, -0.992005
80.800000, -0.991128
80.850000, -0.991377
80.900000, -0.993100
80.950000, -0.994998
81.000000, -0.997547
81.050000, -0.995245
81.100000, -0.995719
81.150000, -0.992667
81.200000, -0.991491
81.250000, -0.987064
81.300000, -0.986813
81.350000, -0.986486
81.400000, -0.988759
81.450000, -0.990208
81.500000, -0.994156
81.550000, -0.995805
81.600000, -0.996853
81.650000, -0.996727
81.700000, -0.996900
81.750000, -0.997523
81.800000, -0.997447
81.850000, -0.996170
81.900000, -0.995594
81.950000, -0.994542
82.000000, -0.997691
82.050000, -0.997889
82.100000, -0.999088
82.150000, -1.001211
82.200000, -1.003634
82.250000, -1.001133
82.300000, -1.000806
82.350000, -1.001730
82.400000, -1.005403
82.450000, -1.003477
82.500000, -1.002800
82.550000, -1.002798
82.600000, -1.002747
82.650000, -1.001420
82.700000, -0.997769
82.750000, -0.995092
82.800000, -0.993016
82.850000, -0.994064
82.900000, -0.994838
82.950000, -0.993561
83.000000, -0.995434
83.050000, -0.999208
83.100000, -0.999906
83.150000, -1.002530
83.200000, -1.002353
83.250000, -1.004602
83.300000, -1.003025
83.350000, -1.003573
83.400000, -1.003447
83.450000, -1.007795
83.500000, -1.003144
83.550000, -1.003967
83.600000, -1.005966
83.650000, -1.008414
83.700000, -1.008938
83.750000, -1.011461
83.800000, -1.013809
83.850000, -1.013958
83.900000, -1.016631
83.950000, -1.016830
84.000000, -1.017103
84.050000, -1.019327
84.100000, -1.018725
84.150000, -1.016498
84.200000, -1.018397
84.250000, -1.018570
84.300000, -1.018644
84.350000, -1.018317
84.400000, -1.015041
84.450000, -1.012789
84.500000, -1.014463
84.550000, -1.014636
84.600000, -1.014659
84.650000, -1.017108
84.700000, -1.021606
84.750000, -1.019505
84.800000, -1.021628
84.850000, -1.023077
84.900000, -1.023250
84.950000, -1.023348
85.000000, -1.022697
85.050000, -1.023045
85.100000, -1.024069
85.150000, -1.025742
85.200000, -1.025991
85.250000, -1.023164
85.300000, -1.025263
85.350000, -1.023161
85.400000, -1.025884
85.450000, -1.029283
85.500000, -1.029056
85.550000, -1.032055
85.600000, -1.034903
85.650000, -1.034802
85.700000, -1.035575
85.750000, -1.033323
85.800000, -1.034522
85.850000, -1.036520
85.900000, -1.036944
85.950000, -1.037942
86.000000, -1.037041
86.050000, -1.038064
86.100000, -1.035538
86.150000, -1.037061
86.200000, -1.035809
86.250000, -1.037508
86.300000, -1.039031
86.350000, -1.043280
86.400000, -1.046078
86.450000, -1.047677
86.500000, -1.051525
86.550000, -1.049773
86.600000, -1.052197
86.650000, -1.053095
86.700000, -1.048919
86.750000, -1.049717
86.800000, -1.050941
86.850000, -1.049489
86.900000, -1.052863
86.950000, -1.055536
87.000000, -1.055409
87.050000, -1.056833
87.100000, -1.057831
87.150000, -1.056855
87.200000, -1.058303
87.250000, -1.061902
87.300000, -1.061575
87.350000, -1.063398
87.400000, -1.062872
87.450000, -1.059345
87.500000, -1.058144
87.550000, -1.055667
87.600000, -1.057241
87.650000, -1.059539
87.700000, -1.060563
87.750000, -1.057386
87.800000, -1.059534
87.850000, -1.060833
87.900000, -1.062456
87.950000, -1.061380
88.000000, -1.064603
88.050000, -1.065252
88.100000, -1.065575
88.150000, -1.063548
88.200000, -1.066447
88.250000, -1.068895
88.300000, -1.069469
88.350000, -1.070517
88.400000, -1.070841
88.450000, -1.074064
88.500000, -1.072038
88.550000, -1.069586
88.600000, -1.070859
88.650000, -1.070708
88.700000, -1.071206
88.750000, -1.072705
88.800000, -1.070603
88.850000, -1.072202
88.900000, -1.072475
88.950000, -1.072598
89.000000, -1.072097
89.050000, -1.069545
89.100000, -1.070769
89.150000, -1.069417
89.200000, -1.072691
89.250000, -1.073839
89.300000, -1.073813
89.350000, -1.074836
89.400000, -1.075309
89.450000, -1.076358
89.500000, -1.074856
89.550000, -1.077205
89.600000, -1.078478
89.650000, -1.077377
89.700000, -1.080325
89.750000, -1.079748
89.800000, -1.078897
89.850000, -1.076095
89.900000, -1.070794
89.950000, -1.068842
90.000000, -1.070891
90.050000, -1.072739
90.100000, -1.072763
90.150000, -1.075511
90.200000, -1.075059
90.250000, -1.076858
90.300000, -1.072856
90.350000, -1.072430
90.400000, -1.072378
90.450000, -1.072627
90.500000, -1.071650
90.550000, -1.074948
90.600000, -1.076597
90.650000, -1.076320
90.700000, -1.076344
90.750000, -1.077267
90.800000, -1.080816
90.850000, -1.078114
90.900000, -1.076763
90.950000, -1.079211
91.000000, -1.081884
91.050000, -1.084358
91.100000, -1.084156
91.150000, -1.081530
91.200000, -1.083878
91.250000, -1.084377
91.300000, -1.085325
91.350000, -1.081173
91.400000, -1.080572
91.450000, -1.079395
91.500000, -1.080519
91.550000, -1.077967
91.600000, -1.079541
91.650000, -1.078239
91.700000, -1.078488
91.750000, -1.077536
91.800000, -1.077734
91.850000, -1.078633
91.900000, -1.078931
91.950000, -1.080805
92.000000, -1.082678
92.050000, -1.082252
92.100000, -1.085650
92.150000, -1.086398
92.200000, -1.090572
92.250000, -1.088595
92.300000, -1.089794
92.350000, -1.088817
92.400000, -1.087691
92.450000, -1.087689
92.500000, -1.090313
92.550000, -1.090586
92.600000, -1.089034
92.650000, -1.089908
92.700000, -1.089531
92.750000, -1.089180
92.800000, -1.089128
92.850000, -1.087077
92.900000, -1.085900
92.950000, -1.089423
93.000000, -1.092872
93.050000, -1.092195
93.100000, -1.092219
93.150000, -1.089767
93.200000, -1.090991
93.250000, -1.091364
93.300000, -1.091913
93.350000, -1.092661
93.400000, -1.095459
93.450000, -1.097308
93.500000, -1.096581
93.550000, -1.094105
93.600000, -1.090003
93.650000, -1.090477
93.700000, -1.084875
93.750000, -1.085023
93.800000, -1.088997
93.850000, -1.089820
93.900000, -1.089844
93.950000, -1.089642
94.000000, -1.088666
94.050000, -1.084989
94.100000, -1.088638
94.150000, -1.087886
94.200000, -1.084409
94.250000, -1.088158
94.300000, -1.088231
94.350000, -1.087780
94.400000, -1.086653
94.450000, -1.088602
94.500000, -1.092825
94.550000, -1.094698
94.600000, -1.094722
94.650000, -1.092745
94.700000, -1.093169
94.750000, -1.094917
94.800000, -1.092166
94.850000, -1.093064
94.900000, -1.091538
94.950000, -1.091186
95.000000, -1.095109
95.050000, -1.095708
95.100000, -1.094381
95.150000, -1.090880
95.200000, -1.093128
95.250000, -1.093902
95.300000, -1.096000
95.350000, -1.098548
95.400000, -1.096172
95.450000, -1.095495
95.500000, -1.095194
95.550000, -1.096542
95.600000, -1.096666
95.650000, -1.093739
95.700000, -1.097663
95.750000, -1.100236
95.800000, -1.097134
95.850000, -1.095208
95.900000, -1.094756
95.950000, -1.098855
96.000000, -1.103553
96.050000, -1.104477
96.100000, -1.105950
96.150000, -1.102598
96.200000, -1.105397
96.250000, -1.108045
96.300000, -1.111669
96.350000, -1.110967
96.400000, -1.114166
96.450000, -1.108914
96.500000, -1.114138
96.550000, -1.115311
96.600000, -1.112784
96.650000, -1.112758
96.700000, -1.118206
96.750000, -1.116355
96.800000, -1.118178
96.850000, -1.117302
96.900000, -1.116725
96.950000, -1.118448
97.000000, -1.119897
97.050000, -1.119520
97.100000, -1.119469
97.150000, -1.122217
97.200000, -1.120316
97.250000, -1.118439
97.300000, -1.117463
97.350000, -1.116986
97.400000, -1.117009
97.450000, -1.117958
97.500000, -1.119331
97.550000, -1.119355
97.600000, -1.119228
97.650000, -1.118527
97.700000, -1.118300
97.750000, -1.115173
97.800000, -1.116647
97.850000, -1.116970
97.900000, -1.117244
97.950000, -1.115667
98.000000, -1.114491
98.050000, -1.114489
98.100000, -1.113138
98.150000, -1.114336
98.200000, -1.112159
98.250000, -1.110483
98.300000, -1.110906
98.350000, -1.110680
98.400000, -1.112253
98.450000, -1.109202
98.500000, -1.113750
98.550000, -1.112748
98.600000, -1.113722
98.650000, -1.115720
98.700000, -1.117644
98.750000, -1.121092
98.800000, -1.123391
98.850000, -1.122539
98.900000, -1.126663
98.950000, -1.127536
99.000000, -1.128009
99.050000, -1.131133
99.100000, -1.132081
99.150000, -1.131280
99.200000, -1.132228
99.250000, -1.134902
99.300000, -1.132200
99.350000, -1.129748
99.400000, -1.129872
99.450000, -1.130320
99.500000, -1.130219
99.550000, -1.128942
99.600000, -1.128841
99.650000, -1.127139
99.700000, -1.126413
99.750000, -1.122436
99.800000, -1.120709
99.850000, -1.119408
99.900000, -1.120631
99.950000, -1.117255
100.000000, -1.116953
100.050000, -1.115327
100.100000, -1.117150
100.150000, -1.115998
100.200000, -1.113572
100.250000, -1.117395
100.300000, -1.118119
100.350000, -1.115517
100.400000, -1.116541
100.450000, -1.114839
100.500000, -1.119688
100.550000, -1.122986
100.600000, -1.125409
100.650000, -1.126433
100.700000, -1.122706
100.750000, -1.119905
100.800000, -1.119353
100.850000, -1.117327
100.900000, -1.119275
100.950000, -1.121648
101.000000, -1.122897
101.050000, -1.121470
101.100000, -1.119494
101.150000, -1.119442
101.200000, -1.118516
101.250000, -1.117589
101.300000, -1.116363
101.350000, -1.114311
101.400000, -1.114884
101.450000, -1.112908
101.500000, -1.112906
101.550000, -1.116030
101.600000, -1.116728
101.650000, -1.117677
101.700000, -1.117100
101.750000, -1.116548
101.800000, -1.117947
101.850000, -1.117345
101.900000, -1.115844
101.950000, -1.115367
102.000000, -1.113191
102.050000, -1.112689
102.100000, -1.111688
102.150000, -1.108811
102.200000, -1.105159
102.250000, -1.103058
102.300000, -1.102281
102.350000, -1.101680
102.400000, -1.101128
102.450000, -1.101427
102.500000, -1.101625
102.550000, -1.102048
102.600000, -1.098997
102.650000, -1.100370
102.700000, -1.097494
102.750000, -1.094917
102.800000, -1.091241
