10.550000, -0.000201
10.600000, 0.001273
10.650000, 0.002923
10.700000, 0.006047
10.750000, 0.003771
10.800000, 0.004195
10.850000, 0.004795
10.900000, 0.007169
10.950000, 0.004218
11.000000, 0.005992
11.050000, 0.009316
11.100000, 0.010191
11.150000, 0.008915
11.200000, 0.011714
11.250000, 0.006438
11.300000, 0.010013
11.350000, 0.010237
11.400000, 0.010736
11.450000, 0.010810
11.500000, 0.011959
11.550000, 0.012809
11.600000, 0.013083
11.650000, 0.014332
11.700000, 0.012306
11.750000, 0.012005
11.800000, 0.012705
11.850000, 0.011204
11.900000, 0.008553
11.950000, 0.009577
12.000000, 0.010227
12.050000, 0.007276
12.100000, 0.007050
12.150000, 0.006174
12.200000, 0.006098
12.250000, 0.005173
12.300000, 0.006797
12.350000, 0.007046
12.400000, 0.006445
12.450000, 0.007170
12.500000, 0.005269
12.550000, 0.000893
12.600000, 0.002992
12.650000, -0.002809
12.700000, -0.002684
12.750000, -0.001360
12.800000, -0.000611
12.850000, 0.001138
12.900000, 0.004262
12.950000, 0.004012
13.000000, 0.005036
13.050000, 0.003085
13.100000, 0.005434
13.150000, 0.008884
13.200000, 0.011958
13.250000, 0.013032
13.300000, 0.009781
13.350000, 0.007805
13.400000, 0.007780
13.450000, 0.009354
13.500000, 0.008453
13.550000, 0.008627
13.600000, 0.006127
13.650000, 0.001951
13.700000, -0.001825
13.750000, -0.000651
13.800000, 0.000123
13.850000, -0.004452
13.900000, -0.007528
13.950000, -0.006679
14.000000, -0.011505
14.050000, -0.013330
14.100000, -0.012206
14.150000, -0.012182
14.200000, -0.012608
14.250000, -0.013609
14.300000, -0.017259
14.350000, -0.015235
14.400000, -0.017911
14.450000, -0.016262
14.500000, -0.015763
14.550000, -0.019038
14.600000, -0.017764
14.650000, -0.020365
14.700000, -0.020666
14.750000, -0.018391
14.800000, -0.016992
14.850000, -0.017193
14.900000, -0.018969
14.950000, -0.020520
15.000000, -0.019220
15.050000, -0.022646
15.100000, -0.023147
15.150000, -0.026448
15.200000, -0.028523
15.250000, -0.031874
15.300000, -0.031275
15.350000, -0.034001
15.400000, -0.032577
15.450000, -0.035002
15.500000, -0.036228
15.550000, -0.037454
15.600000, -0.037155
15.650000, -0.040680
15.700000, -0.041006
15.750000, -0.040757
15.800000, -0.046433
15.850000, -0.045684
15.900000, -0.045834
15.950000, -0.043485
16.000000, -0.040761
16.050000, -0.041737
16.100000, -0.041763
16.150000, -0.039213
16.200000, -0.040814
16.250000, -0.036915
16.300000, -0.039041
16.350000, -0.039366
16.400000, -0.039692
16.450000, -0.037443
16.500000, -0.040244
16.550000, -0.039645
16.600000, -0.040570
16.650000, -0.043146
16.700000, -0.046172
16.750000, -0.046248
16.800000, -0.045723
16.850000, -0.043699
16.900000, -0.043375
16.950000, -0.041701
17.000000, -0.039652
17.050000, -0.038552
17.100000, -0.039553
17.150000, -0.038329
17.200000, -0.035455
17.250000, -0.037530
17.300000, -0.039431
17.350000, -0.044182
17.400000, -0.041958
17.450000, -0.044809
17.500000, -0.044584
17.550000, -0.045335
17.600000, -0.045136
17.650000, -0.043012
17.700000, -0.045588
17.750000, -0.046738
17.800000, -0.047239
17.850000, -0.046090
17.900000, -0.044941
17.950000, -0.049041
18.000000, -0.047917
18.050000, -0.047918
18.100000, -0.050544
18.150000, -0.051870
18.200000, -0.049870
18.250000, -0.051496
18.300000, -0.054447
18.350000, -0.053998
18.400000, -0.057273
18.450000, -0.057449
18.500000, -0.057675
18.550000, -0.057126
18.600000, -0.058677
18.650000, -0.058452
18.700000, -0.058378
18.750000, -0.055304
18.800000, -0.054880
18.850000, -0.054555
18.900000, -0.052256
18.950000, -0.051482
19.000000, -0.054108
19.050000, -0.057859
19.100000, -0.058384
19.150000, -0.061385
19.200000, -0.061186
19.250000, -0.062612
19.300000, -0.057338
19.350000, -0.059663
19.400000, -0.059564
19.450000, -0.059365
19.500000, -0.063391
19.550000, -0.060941
19.600000, -0.060342
19.650000, -0.061218
19.700000, -0.062719
19.750000, -0.063120
19.800000, -0.067995
19.850000, -0.068421
19.900000, -0.070847
19.950000, -0.068598
20.000000, -0.071098
20.050000, -0.071749
20.100000, -0.073425
20.150000, -0.072451
20.200000, -0.072427
20.250000, -0.075652
20.300000, -0.076303
20.350000, -0.075404
20.400000, -0.073805
20.450000, -0.074680
20.500000, -0.073631
20.550000, -0.071032
20.600000, -0.073633
20.650000, -0.076009
20.700000, -0.076034
20.750000, -0.076360
20.800000, -0.073661
20.850000, -0.071362
20.900000, -0.068238
20.950000, -0.066888
21.000000, -0.063539
21.050000, -0.066515
21.100000, -0.067966
21.150000, -0.068566
21.200000, -0.068517
21.250000, -0.064718
21.300000, -0.065869
21.350000, -0.064270
21.400000, -0.069320
21.450000, -0.069746
21.500000, -0.067622
21.550000, -0.067548
21.600000, -0.067073
21.650000, -0.070649
21.700000, -0.066300
21.750000, -0.067876
21.800000, -0.068602
21.850000, -0.067702
21.900000, -0.069828
21.950000, -0.068554
22.000000, -0.068180
22.050000, -0.071505
22.100000, -0.071981
22.150000, -0.071882
22.200000, -0.072258
22.250000, -0.073159
22.300000, -0.071384
22.350000, -0.069585
22.400000, -0.064611
22.450000, -0.063912
22.500000, -0.062063
22.550000, -0.065113
22.600000, -0.066139
22.650000, -0.064090
22.700000, -0.063291
22.750000, -0.063941
22.800000, -0.063617
22.850000, -0.061243
22.900000, -0.060219
22.950000, -0.059620
23.000000, -0.055970
23.050000, -0.054621
23.100000, -0.054272
23.150000, -0.059673
23.200000, -0.060473
23.250000, -0.061724
23.300000, -0.061375
23.350000, -0.060001
23.400000, -0.060802
23.450000, -0.064177
23.500000, -0.060928
23.550000, -0.065154
23.600000, -0.066730
23.650000, -0.064605
23.700000, -0.063931
23.750000, -0.061557
23.800000, -0.062958
23.850000, -0.063134
23.900000, -0.066484
23.950000, -0.068635
24.000000, -0.071161
24.050000, -0.071037
24.100000, -0.070238
24.150000, -0.073888
24.200000, -0.078689
24.250000, -0.077965
24.300000, -0.078616
24.350000, -0.078916
24.400000, -0.077667
24.450000, -0.080018
24.500000, -0.081144
24.550000, -0.080245
24.600000, -0.079220
24.650000, -0.081771
24.700000, -0.081972
24.750000, -0.080623
24.800000, -0.078273
24.850000, -0.082074
24.900000, -0.081075
24.950000, -0.082876
25.000000, -0.083302
25.050000, -0.086152
25.100000, -0.086678
25.150000, -0.083254
25.200000, -0.080730
25.250000, -0.075680
25.300000, -0.077506
25.350000, -0.077857
25.400000, -0.080558
25.450000, -0.084959
25.500000, -0.083484
25.550000, -0.084760
25.600000, -0.080936
25.650000, -0.080487
25.700000, -0.080213
25.750000, -0.079238
25.800000, -0.079439
25.850000, -0.079115
25.900000, -0.077941
25.950000, -0.079991
26.000000, -0.078842
26.050000, -0.076093
26.100000, -0.077969
26.150000, -0.074270
26.200000, -0.075870
26.250000, -0.073321
26.300000, -0.072097
26.350000, -0.073773
26.400000, -0.074523
26.450000, -0.075724
26.500000, -0.075900
26.550000, -0.077501
26.600000, -0.079502
26.650000, -0.081052
26.700000, -0.083403
26.750000, -0.080629
26.800000, -0.078080
26.850000, -0.081005
26.900000, -0.082681
26.950000, -0.083657
27.000000, -0.085883
27.050000, -0.089934
27.100000, -0.090259
27.150000, -0.091660
27.200000, -0.095086
27.250000, -0.091087
27.300000, -0.088288
27.350000, -0.086588
27.400000, -0.081214
27.450000, -0.081440
27.500000, -0.080041
27.550000, -0.081316
27.600000, -0.082492
27.650000, -0.079018
27.700000, -0.077869
27.750000, -0.077495
27.800000, -0.079120
27.850000, -0.079246
27.900000, -0.079272
27.950000, -0.082248
28.000000, -0.081948
28.050000, -0.086974
28.100000, -0.087000
28.150000, -0.083876
28.200000, -0.082027
28.250000, -0.078802
28.300000, -0.079803
28.350000, -0.081179
28.400000, -0.078580
28.450000, -0.079530
28.500000, -0.077981
28.550000, -0.077457
28.600000, -0.077683
28.650000, -0.081684
28.700000, -0.085059
28.750000, -0.086510
28.800000, -0.088811
28.850000, -0.088237
28.900000, -0.087888
28.950000, -0.087513
29.000000, -0.088839
29.050000, -0.092915
29.100000, -0.087866
29.150000, -0.087016
29.200000, -0.088942
29.250000, -0.084093
29.300000, -0.085469
29.350000, -0.085170
29.400000, -0.088320
29.450000, -0.082571
29.500000, -0.081672
29.550000, -0.079373
29.600000, -0.081998
29.650000, -0.079674
29.700000, -0.081850
29.750000, -0.078651
29.800000, -0.077477
29.850000, -0.075402
29.900000, -0.077103
29.950000, -0.076404
30.000000, -0.076630
30.050000, -0.077405
30.100000, -0.079431
30.150000, -0.078057
30.200000, -0.076708
30.250000, -0.080034
30.300000, -0.076059
30.350000, -0.074160
30.400000, -0.073986
30.450000, -0.079062
30.500000, -0.080413
30.550000, -0.078813
30.600000, -0.077889
30.650000, -0.078415
30.700000, -0.079766
30.750000, -0.079791
30.800000, -0.080092
30.850000, -0.079943
30.900000, -0.084769
30.950000, -0.083370
31.000000, -0.083795
31.050000, -0.080446
31.100000, -0.086547
31.150000, -0.089498
31.200000, -0.086998
31.250000, -0.085174
31.300000, -0.087350
31.350000, -0.087301
31.400000, -0.089427
31.450000, -0.095677
31.500000, -0.099153
31.550000, -0.099229
31.600000, -0.100680
31.650000, -0.101155
31.700000, -0.100256
31.750000, -0.101207
31.800000, -0.102183
31.850000, -0.104909
31.900000, -0.108134
31.950000, -0.107585
32.000000, -0.107011
32.050000, -0.102062
32.100000, -0.101663
32.150000, -0.104938
32.200000, -0.105639
32.250000, -0.103465
32.300000, -0.099766
32.350000, -0.097241
32.400000, -0.097742
32.450000, -0.097493
32.500000, -0.096869
32.550000, -0.097645
32.600000, -0.098245
32.650000, -0.099171
32.700000, -0.101222
32.750000, -0.099373
32.800000, -0.101323
32.850000, -0.100649
32.900000, -0.102725
32.950000, -0.100176
33.000000, -0.101252
33.050000, -0.102627
33.100000, -0.099728
33.150000, -0.102079
33.200000, -0.101305
33.250000, -0.098255
33.300000, -0.099131
33.350000, -0.100557
33.400000, -0.101358
33.450000, -0.101084
33.500000, -0.101034
33.550000, -0.101510
33.600000, -0.099261
33.650000, -0.100787
33.700000, -0.101263
33.750000, -0.100538
33.800000, -0.098039
33.850000, -0.099915
33.900000, -0.095641
33.950000, -0.097791
34.000000, -0.094592
34.050000, -0.096043
34.100000, -0.098469
34.150000, -0.095595
34.200000, -0.096470
34.250000, -0.096871
34.300000, -0.095622
34.350000, -0.097698
34.400000, -0.100298
34.450000, -0.101974
34.500000, -0.103525
34.550000, -0.104626
34.600000, -0.106002
34.650000, -0.108302
34.700000, -0.104553
34.750000, -0.100079
34.800000, -0.096980
34.850000, -0.102630
34.900000, -0.104081
34.950000, -0.103332
35.000000, -0.105358
35.050000, -0.107884
35.100000, -0.109759
35.150000, -0.112460
35.200000, -0.112436
35.250000, -0.110262
35.300000, -0.108438
35.350000, -0.109838
35.400000, -0.108464
35.450000, -0.108290
35.500000, -0.105616
35.550000, -0.103641
35.600000, -0.103992
35.650000, -0.104143
35.700000, -0.105894
35.750000, -0.109745
35.800000, -0.107620
35.850000, -0.111946
35.900000, -0.108497
35.950000, -0.106323
36.000000, -0.106598
36.050000, -0.107374
36.100000, -0.106725
36.150000, -0.105201
36.200000, -0.104427
36.250000, -0.107877
36.300000, -0.109453
36.350000, -0.108229
36.400000, -0.106655
36.450000, -0.107630
36.500000, -0.106956
36.550000, -0.108982
36.600000, -0.108408
36.650000, -0.105634
36.700000, -0.110159
36.750000, -0.112735
36.800000, -0.114986
36.850000, -0.113962
36.900000, -0.111988
36.950000, -0.112513
37.000000, -0.111439
37.050000, -0.113990
37.100000, -0.117516
37.150000, -0.118366
37.200000, -0.116567
37.250000, -0.117443
37.300000, -0.116094
37.350000, -0.116170
37.400000, -0.115495
37.450000, -0.115571
37.500000, -0.117547
37.550000, -0.116148
37.600000, -0.116648
37.650000, -0.116499
37.700000, -0.116350
37.750000, -0.118151
37.800000, -0.115702
37.850000, -0.115027
37.900000, -0.113703
37.950000, -0.112154
38.000000, -0.113980
38.050000, -0.114955
38.100000, -0.115081
38.150000, -0.112807
38.200000, -0.115233
38.250000, -0.115759
38.300000, -0.119759
38.350000, -0.120110
38.400000, -0.120961
38.450000, -0.122362
38.500000, -0.126538
38.550000, -0.123863
38.600000, -0.123064
38.650000, -0.127615
38.700000, -0.127941
38.750000, -0.132341
38.800000, -0.134892
38.850000, -0.132343
38.900000, -0.131269
38.950000, -0.130295
39.000000, -0.129520
39.050000, -0.128746
39.100000, -0.126497
39.150000, -0.125848
39.200000, -0.122323
39.250000, -0.122524
39.300000, -0.118325
39.350000, -0.118651
39.400000, -0.118627
39.450000, -0.116877
39.500000, -0.118103
39.550000, -0.118004
39.600000, -0.114880
39.650000, -0.116880
39.700000, -0.115056
39.750000, -0.113107
39.800000, -0.112908
39.850000, -0.117459
39.900000, -0.120909
39.950000, -0.121860
40.000000, -0.121136
40.050000, -0.122687
40.100000, -0.127013
40.150000, -0.127588
40.200000, -0.127864
40.250000, -0.129390
40.300000, -0.130491
40.350000, -0.130266
40.400000, -0.127792
40.450000, -0.127768
40.500000, -0.131319
40.550000, -0.129995
40.600000, -0.132720
40.650000, -0.130246
40.700000, -0.131972
40.750000, -0.132023
40.800000, -0.133398
40.850000, -0.133949
40.900000, -0.135425
40.950000, -0.135051
41.000000, -0.133977
41.050000, -0.137002
41.100000, -0.137828
41.150000, -0.137529
41.200000, -0.135605
41.250000, -0.133030
41.300000, -0.132231
41.350000, -0.130257
41.400000, -0.132408
41.450000, -0.129534
41.500000, -0.131684
41.550000, -0.129085
41.600000, -0.128461
41.650000, -0.128037
41.700000, -0.129463
41.750000, -0.127138
41.800000, -0.125664
41.850000, -0.129490
41.900000, -0.127216
41.950000, -0.125991
42.000000, -0.125067
42.050000, -0.119343
42.100000, -0.119669
42.150000, -0.119720
42.200000, -0.120395
42.250000, -0.123896
42.300000, -0.128097
42.350000, -0.126623
42.400000, -0.126573
42.450000, -0.123974
42.500000, -0.123900
42.550000, -0.123451
42.600000, -0.122802
42.650000, -0.121052
42.700000, -0.119503
42.750000, -0.120079
42.800000, -0.119380
42.850000, -0.117930
42.900000, -0.116256
42.950000, -0.111957
43.000000, -0.114458
43.050000, -0.116859
43.100000, -0.115734
43.150000, -0.114335
43.200000, -0.114936
43.250000, -0.113337
43.300000, -0.111263
43.350000, -0.110538
43.400000, -0.111764
43.450000, -0.109390
43.500000, -0.108741
43.550000, -0.108441
43.600000, -0.104367
43.650000, -0.107293
43.700000, -0.107119
43.750000, -0.104845
43.800000, -0.102720
43.850000, -0.099421
43.900000, -0.100172
43.950000, -0.102023
44.000000, -0.104323
44.050000, -0.103874
44.100000, -0.102275
44.150000, -0.102426
44.200000, -0.107077
44.250000, -0.107827
44.300000, -0.106253
44.350000, -0.104079
44.400000, -0.106605
44.450000, -0.106130
44.500000, -0.108981
44.550000, -0.107157
44.600000, -0.108083
44.650000, -0.112809
44.700000, -0.112584
44.750000, -0.113385
44.800000, -0.111011
44.850000, -0.110587
44.900000, -0.112313
44.950000, -0.114438
45.000000, -0.112039
45.050000, -0.109140
45.100000, -0.107116
45.150000, -0.108916
45.200000, -0.107342
45.250000, -0.108018
45.300000, -0.106919
45.350000, -0.105170
45.400000, -0.106720
45.450000, -0.107321
45.500000, -0.109397
45.550000, -0.106523
45.600000, -0.104648
45.650000, -0.105399
45.700000, -0.103025
45.750000, -0.100151
45.800000, -0.097302
45.850000, -0.094927
45.900000, -0.093403
45.950000, -0.089754
46.000000, -0.091705
46.050000, -0.091705
46.100000, -0.091481
46.150000, -0.091057
46.200000, -0.089983
46.250000, -0.090234
46.300000, -0.091784
46.350000, -0.089110
46.400000, -0.089111
46.450000, -0.085537
46.500000, -0.086088
46.550000, -0.085388
46.600000, -0.082764
46.650000, -0.078890
46.700000, -0.072891
46.750000, -0.072091
46.800000, -0.072067
46.850000, -0.067793
46.900000, -0.066469
46.950000, -0.069295
47.000000, -0.067870
47.050000, -0.070646
47.100000, -0.068447
47.150000, -0.066698
47.200000, -0.066248
47.250000, -0.064999
47.300000, -0.060775
47.350000, -0.061126
47.400000, -0.061652
47.450000, -0.062977
47.500000, -0.062228
47.550000, -0.064854
47.600000, -0.067105
47.650000, -0.066555
47.700000, -0.062431
47.750000, -0.062957
47.800000, -0.059558
47.850000, -0.060109
47.900000, -0.057559
47.950000, -0.056535
48.000000, -0.053486
48.050000, -0.052237
48.100000, -0.051088
48.150000, -0.051688
48.200000, -0.053739
48.250000, -0.052815
48.300000, -0.050916
48.350000, -0.051066
48.400000, -0.052567
48.450000, -0.049193
48.500000, -0.048919
48.550000, -0.048120
48.600000, -0.052195
48.650000, -0.052071
48.700000, -0.049472
48.750000, -0.045498
48.800000, -0.047773
48.850000, -0.045899
48.900000, -0.044825
48.950000, -0.042976
49.000000, -0.047977
49.050000, -0.043852
49.100000, -0.041753
49.150000, -0.042829
49.200000, -0.039955
49.250000, -0.039430
49.300000, -0.039506
49.350000, -0.040407
49.400000, -0.037433
49.450000, -0.036859
49.500000, -0.035859
49.550000, -0.036385
49.600000, -0.035461
49.650000, -0.032262
49.700000, -0.030463
49.750000, -0.027913
49.800000, -0.028914
49.850000, -0.029665
49.900000, -0.027091
49.950000, -0.027416
50.000000, -0.026242
50.050000, -0.023393
50.100000, -0.019969
50.150000, -0.018570
50.200000, -0.015545
50.250000, -0.015921
50.300000, -0.017672
50.350000, -0.016723
50.400000, -0.015073
50.450000, -0.016649
50.500000, -0.014025
50.550000, -0.012226
50.600000, -0.011327
50.650000, -0.009502
50.700000, -0.009728
50.750000, -0.009354
50.800000, -0.006305
50.850000, -0.004130
50.900000, -0.003631
50.950000, -0.000707
51.000000, 0.002167
51.050000, 0.001541
51.100000, -0.002734
51.150000, -0.003035
51.200000, -0.002361
51.250000, -0.003237
51.300000, 0.001112
51.350000, 0.003137
51.400000, -0.001239
51.450000, -0.006665
51.500000, -0.004316
51.550000, -0.001266
51.600000, 0.004333
51.650000, 0.003382
51.700000, 0.005381
51.750000, 0.007430
51.800000, 0.011605
51.850000, 0.011329
51.900000, 0.013603
51.950000, 0.013177
52.000000, 0.013527
52.050000, 0.017776
52.100000, 0.020950
52.150000, 0.025174
52.200000, 0.023573
52.250000, 0.021873
52.300000, 0.021847
52.350000, 0.019571
52.400000, 0.022495
52.450000, 0.023070
52.500000, 0.027344
52.550000, 0.027468
52.600000, 0.025717
52.650000, 0.024591
52.700000, 0.024666
52.750000, 0.022590
52.800000, 0.023314
52.850000, 0.024738
52.900000, 0.030062
52.950000, 0.033437
53.000000, 0.033611
53.050000, 0.031435
53.100000, 0.032609
53.150000, 0.032159
53.200000, 0.031858
53.250000, 0.030007
53.300000, 0.032031
53.350000, 0.028980
53.400000, 0.029880
53.450000, 0.031929
53.500000, 0.030728
53.550000, 0.028677
53.600000, 0.029777
53.650000, 0.025301
53.700000, 0.019475
53.750000, 0.020849
53.800000, 0.024648
53.850000, 0.026473
53.900000, 0.024772
53.950000, 0.027796
54.000000, 0.028595
54.050000, 0.028495
54.100000, 0.029269
54.150000, 0.029168
54.200000, 0.032392
54.250000, 0.034091
54.300000, 0.031591
54.350000, 0.033190
54.400000, 0.033964
54.450000, 0.035438
54.500000, 0.033887
54.550000, 0.031812
54.600000, 0.030536
54.650000, 0.026235
54.700000, 0.026834
54.750000, 0.026959
54.800000, 0.029908
54.850000, 0.032607
54.900000, 0.033706
54.950000, 0.038430
55.000000, 0.043480
55.050000, 0.044279
55.100000, 0.043103
55.150000, 0.043827
55.200000, 0.041127
55.250000, 0.039526
55.300000, 0.041100
55.350000, 0.038099
55.400000, 0.039448
55.450000, 0.041123
55.500000, 0.043447
55.550000, 0.044646
55.600000, 0.045245
55.650000, 0.046720
55.700000, 0.046369
55.750000, 0.040693
55.800000, 0.037092
55.850000, 0.042391
55.900000, 0.040066
55.950000, 0.039040
56.000000, 0.042514
56.050000, 0.043863
56.100000, 0.045137
56.150000, 0.044287
56.200000, 0.040761
56.250000, 0.044485
56.300000, 0.040734
56.350000, 0.042034
56.400000, 0.045533
56.450000, 0.041282
56.500000, 0.043756
56.550000, 0.046480
56.600000, 0.045555
56.650000, 0.053479
56.700000, 0.052228
56.750000, 0.052227
56.800000, 0.050477
56.850000, 0.050901
56.900000, 0.050725
56.950000, 0.054174
57.000000, 0.051348
57.050000, 0.052423
57.100000, 0.053172
57.150000, 0.054221
57.200000, 0.050895
57.250000, 0.051445
57.300000, 0.050269
57.350000, 0.051418
57.400000, 0.052992
57.450000, 0.055741
57.500000, 0.057416
57.550000, 0.055540
57.600000, 0.060789
57.650000, 0.058113
57.700000, 0.057337
57.750000, 0.050562
57.800000, 0.051936
57.850000, 0.054910
57.900000, 0.054909
57.950000, 0.054909
58.000000, 0.054608
58.050000, 0.054607
58.100000, 0.050581
58.150000, 0.051605
58.200000, 0.051355
58.250000, 0.055329
58.300000, 0.053828
58.350000, 0.055002
58.400000, 0.056052
58.450000, 0.058076
58.500000, 0.059100
58.550000, 0.056874
58.600000, 0.058223
58.650000, 0.056573
58.700000, 0.060597
58.750000, 0.060896
58.800000, 0.064270
58.850000, 0.065620
58.900000, 0.061294
58.950000, 0.059393
59.000000, 0.064642
59.050000, 0.067216
59.100000, 0.068166
59.150000, 0.074065
59.200000, 0.076139
59.250000, 0.072613
59.300000, 0.072087
59.350000, 0.073662
59.400000, 0.073211
59.450000, 0.073035
59.500000, 0.072059
59.550000, 0.076884
59.600000, 0.079158
59.650000, 0.080982
59.700000, 0.082681
59.750000, 0.079905
59.800000, 0.080255
59.850000, 0.081079
59.900000, 0.081378
59.950000, 0.079577
60.000000, 0.080702
60.050000, 0.080751
60.100000, 0.082350
60.150000, 0.082099
60.200000, 0.081748
60.250000, 0.085473
60.300000, 0.083397
60.350000, 0.082496
60.400000, 0.080620
60.450000, 0.080645
60.500000, 0.081444
60.550000, 0.079218
60.600000, 0.082542
60.650000, 0.081416
60.700000, 0.078291
60.750000, 0.076615
60.800000, 0.071739
60.850000, 0.070488
60.900000, 0.072062
60.950000, 0.072712
61.000000, 0.071786
61.050000, 0.067185
61.100000, 0.069059
61.150000, 0.067584
61.200000, 0.066808
61.250000, 0.065532
61.300000, 0.061456
61.350000, 0.063255
61.400000, 0.062655
61.450000, 0.062579
61.500000, 0.064378
61.550000, 0.060452
61.600000, 0.059502
61.650000, 0.055501
61.700000, 0.054975
61.750000, 0.054299
61.800000, 0.052573
61.850000, 0.052748
61.900000, 0.052497
61.950000, 0.052221
62.000000, 0.051920
62.050000, 0.053045
62.100000, 0.051194
62.150000, 0.045393
62.200000, 0.042042
62.250000, 0.042366
62.300000, 0.040216
62.350000, 0.040765
62.400000, 0.042889
62.450000, 0.045913
62.500000, 0.044337
62.550000, 0.045762
62.600000, 0.048086
62.650000, 0.047785
62.700000, 0.048034
62.750000, 0.045609
62.800000, 0.045358
62.850000, 0.045332
62.900000, 0.045756
62.950000, 0.047155
63.000000, 0.044355
63.050000, 0.043354
63.100000, 0.042703
63.150000, 0.043427
63.200000, 0.043127
63.250000, 0.043276
63.300000, 0.044975
63.350000, 0.043549
63.400000, 0.040148
63.450000, 0.042448
63.500000, 0.043697
63.550000, 0.040071
63.600000, 0.036445
63.650000, 0.035220
63.700000, 0.035969
63.750000, 0.033543
63.800000, 0.032217
63.850000, 0.031191
63.900000, 0.030291
63.950000, 0.033390
64.000000, 0.035739
64.050000, 0.037913
64.100000, 0.038062
64.150000, 0.037912
64.200000, 0.039036
64.250000, 0.036510
64.300000, 0.033784
64.350000, 0.034034
64.400000, 0.027383
64.450000, 0.028357
64.500000, 0.026456
64.550000, 0.023930
64.600000, 0.024280
64.650000, 0.023129
64.700000, 0.023803
64.750000, 0.023127
64.800000, 0.023052
64.850000, 0.022226
64.900000, 0.023050
64.950000, 0.022124
65.000000, 0.024423
65.050000, 0.023448
65.100000, 0.023997
65.150000, 0.026671
65.200000, 0.028195
65.250000, 0.026345
65.300000, 0.028694
65.350000, 0.027368
65.400000, 0.025942
65.450000, 0.026641
65.500000, 0.022916
65.550000, 0.022590
65.600000, 0.025239
65.650000, 0.023563
65.700000, 0.024637
65.750000, 0.026362
65.800000, 0.026786
65.850000, 0.027835
65.900000, 0.028734
65.950000, 0.032809
66.000000, 0.033308
66.050000, 0.031182
66.100000, 0.035456
66.150000, 0.033605
66.200000, 0.029805
66.250000, 0.030904
66.300000, 0.025653
66.350000, 0.024452
66.400000, 0.023927
66.450000, 0.022976
66.500000, 0.020475
66.550000, 0.019049
66.600000, 0.014473
66.650000, 0.011273
66.700000, 0.013197
66.750000, 0.012321
66.800000, 0.013445
66.850000, 0.015195
66.900000, 0.010519
66.950000, 0.010443
67.000000, 0.013892
67.050000, 0.013666
67.100000, 0.016616
67.150000, 0.017790
67.200000, 0.017914
67.250000, 0.018513
67.300000, 0.014587
67.350000, 0.015762
67.400000, 0.019386
67.450000, 0.019635
67.500000, 0.020859
67.550000, 0.022684
67.600000, 0.024908
67.650000, 0.024457
67.700000, 0.023356
67.750000, 0.023780
67.800000, 0.026380
67.850000, 0.025554
67.900000, 0.029128
67.950000, 0.025602
68.000000, 0.028502
68.050000, 0.029976
68.100000, 0.029925
68.150000, 0.028174
68.200000, 0.029198
68.250000, 0.035048
68.300000, 0.036547
68.350000, 0.035271
68.400000, 0.035820
68.450000, 0.034370
68.500000, 0.035019
68.550000, 0.038818
68.600000, 0.042242
68.650000, 0.041691
68.700000, 0.043041
68.750000, 0.043840
68.800000, 0.044414
68.850000, 0.046313
68.900000, 0.046412
68.950000, 0.045362
69.000000, 0.045511
69.050000, 0.047510
69.100000, 0.044384
69.150000, 0.046384
69.200000, 0.044033
69.250000, 0.043032
69.300000, 0.049256
69.350000, 0.047930
69.400000, 0.048105
69.450000, 0.045179
69.500000, 0.043628
69.550000, 0.042552
69.600000, 0.043077
69.650000, 0.042976
69.700000, 0.043500
69.750000, 0.042074
69.800000, 0.043648
69.850000, 0.048273
69.900000, 0.048122
69.950000, 0.049196
70.000000, 0.049395
70.050000, 0.049770
70.100000, 0.052394
70.150000, 0.054568
70.200000, 0.053417
70.250000, 0.053866
70.300000, 0.055241
70.350000, 0.052540
70.400000, 0.054139
70.450000, 0.053513
70.500000, 0.054637
70.550000, 0.053312
70.600000, 0.054311
70.650000, 0.055910
70.700000, 0.057884
70.750000, 0.061459
70.800000, 0.063058
70.850000, 0.061332
70.900000, 0.057056
70.950000, 0.058730
71.000000, 0.059405
71.050000, 0.059729
71.100000, 0.062003
71.150000, 0.064352
71.200000, 0.063752
71.250000, 0.066451
71.300000, 0.067075
71.350000, 0.067624
71.400000, 0.064773
71.450000, 0.065073
71.500000, 0.061597
71.550000, 0.062896
71.600000, 0.062645
71.650000, 0.062295
71.700000, 0.063644
71.750000, 0.059993
71.800000, 0.059317
71.850000, 0.060491
71.900000, 0.058566
71.950000, 0.058565
72.000000, 0.058814
72.050000, 0.059938
72.100000, 0.061137
72.150000, 0.061437
72.200000, 0.057536
72.250000, 0.054010
72.300000, 0.049909
72.350000, 0.046609
72.400000, 0.045208
72.450000, 0.044407
72.500000, 0.044731
72.550000, 0.044355
72.600000, 0.046155
72.650000, 0.043754
72.700000, 0.040853
72.750000, 0.041052
72.800000, 0.044302
72.850000, 0.045876
72.900000, 0.044900
72.950000, 0.045824
73.000000, 0.045523
73.050000, 0.043248
73.100000, 0.044572
73.150000, 0.047371
73.200000, 0.050670
73.250000, 0.049045
73.300000, 0.048419
73.350000, 0.051318
73.400000, 0.051892
73.450000, 0.049566
73.500000, 0.047666
73.550000, 0.045615
73.600000, 0.044089
73.650000, 0.045538
73.700000, 0.050562
73.750000, 0.047262
73.800000, 0.045361
73.850000, 0.044860
73.900000, 0.045334
73.950000, 0.044009
74.000000, 0.045058
74.050000, 0.042082
74.100000, 0.045456
74.150000, 0.044380
74.200000, 0.041230
74.250000, 0.044054
74.300000, 0.045353
74.350000, 0.044727
74.400000, 0.044902
74.450000, 0.044101
74.500000, 0.043750
74.550000, 0.044174
74.600000, 0.043548
74.650000, 0.043198
74.700000, 0.044522
74.750000, 0.044921
74.800000, 0.044270
74.850000, 0.043495
74.900000, 0.041744
74.950000, 0.039668
75.000000, 0.038417
75.050000, 0.036816
75.100000, 0.034866
75.150000, 0.032940
75.200000, 0.030364
75.250000, 0.027738
75.300000, 0.028312
75.350000, 0.027787
75.400000, 0.024736
75.450000, 0.021435
75.500000, 0.023084
75.550000, 0.022034
75.600000, 0.021808
75.650000, 0.021357
75.700000, 0.018331
75.750000, 0.020205
75.800000, 0.021030
75.850000, 0.020629
75.900000, 0.024578
75.950000, 0.028177
76.000000, 0.031302
76.050000, 0.033751
76.100000, 0.037425
76.150000, 0.039899
76.200000, 0.041898
76.250000, 0.042548
76.300000, 0.041472
76.350000, 0.042646
76.400000, 0.042920
76.450000, 0.045445
76.500000, 0.048219
76.550000, 0.047518
76.600000, 0.049517
76.650000, 0.053791
76.700000, 0.055341
76.750000, 0.059015
76.800000, 0.057614
76.850000, 0.059138
76.900000, 0.056312
76.950000, 0.057587
77.000000, 0.057611
77.050000, 0.052960
77.100000, 0.051934
77.150000, 0.051834
77.200000, 0.051133
77.250000, 0.047482
77.300000, 0.047381
77.350000, 0.052455
77.400000, 0.050930
77.450000, 0.051804
77.500000, 0.053303
77.550000, 0.054077
77.600000, 0.052927
77.650000, 0.054726
77.700000, 0.056825
77.750000, 0.055574
77.800000, 0.056873
77.850000, 0.059273
77.900000, 0.060822
77.950000, 0.064596
78.000000, 0.063545
78.050000, 0.064720
78.100000, 0.061794
78.150000, 0.060718
78.200000, 0.059842
78.250000, 0.058041
78.300000, 0.058866
78.350000, 0.057965
78.400000, 0.055614
78.450000, 0.050063
78.500000, 0.051837
78.550000, 0.051687
78.600000, 0.051136
78.650000, 0.050310
78.700000, 0.051984
78.750000, 0.050659
78.800000, 0.048558
78.850000, 0.049507
78.900000, 0.047631
78.950000, 0.045480
79.000000, 0.044330
79.050000, 0.045804
79.100000, 0.044628
79.150000, 0.047827
79.200000, 0.047377
79.250000, 0.042151
79.300000, 0.038350
79.350000, 0.039199
79.400000, 0.038573
79.450000, 0.036723
79.500000, 0.040297
79.550000, 0.041271
79.600000, 0.046545
79.650000, 0.047795
79.700000, 0.048694
79.750000, 0.049593
79.800000, 0.048342
79.850000, 0.046416
79.900000, 0.047541
79.950000, 0.046215
80.000000, 0.044664
80.050000, 0.048438
80.100000, 0.047962
80.150000, 0.047887
80.200000, 0.046411
80.250000, 0.047685
80.300000, 0.045534
80.350000, 0.045834
80.400000, 0.041283
80.450000, 0.044682
80.500000, 0.043606
80.550000, 0.042780
80.600000, 0.042230
80.650000, 0.041029
80.700000, 0.040728
80.750000, 0.037427
80.800000, 0.034002
80.850000, 0.033851
80.900000, 0.032550
80.950000, 0.032749
81.000000, 0.033973
81.050000, 0.032023
81.100000, 0.032272
81.150000, 0.030571
81.200000, 0.031920
81.250000, 0.031645
81.300000, 0.032744
81.350000, 0.032118
81.400000, 0.032367
81.450000, 0.034141
81.500000, 0.038166
81.550000, 0.037265
81.600000, 0.039164
81.650000, 0.034388
81.700000, 0.032487
81.750000, 0.033537
81.800000, 0.035886
81.850000, 0.036310
81.900000, 0.033159
81.950000, 0.031934
82.000000, 0.033008
82.050000, 0.035982
82.100000, 0.036831
82.150000, 0.034780
82.200000, 0.033030
82.250000, 0.036004
82.300000, 0.034378
82.350000, 0.031077
82.400000, 0.030202
82.450000, 0.027001
82.500000, 0.023550
82.550000, 0.025024
82.600000, 0.026648
82.650000, 0.029773
82.700000, 0.027572
82.750000, 0.030846
82.800000, 0.034395
82.850000, 0.036495
82.900000, 0.035344
82.950000, 0.038393
83.000000, 0.037692
83.050000, 0.034441
83.100000, 0.033816
83.150000, 0.033415
83.200000, 0.031714
83.250000, 0.032063
83.300000, 0.034662
83.350000, 0.030937
83.400000, 0.031936
83.450000, 0.029035
83.500000, 0.024084
83.550000, 0.025684
83.600000, 0.019233
83.650000, 0.017057
83.700000, 0.014981
83.750000, 0.015980
83.800000, 0.016455
83.850000, 0.015629
83.900000, 0.012778
83.950000, 0.011752
84.000000, 0.011077
84.050000, 0.013626
84.100000, 0.010800
84.150000, 0.012924
84.200000, 0.014623
84.250000, 0.012623
84.300000, 0.008797
84.350000, 0.010596
84.400000, 0.010220
84.450000, 0.009870
84.500000, 0.011194
84.550000, 0.011168
84.600000, 0.011892
84.650000, 0.008016
84.700000, 0.008241
84.750000, 0.009090
84.800000, 0.007114
84.850000, 0.009338
84.900000, 0.008487
84.950000, 0.010237
85.000000, 0.010061
85.050000, 0.011110
85.100000, 0.011359
85.150000, 0.011859
85.200000, 0.013183
85.250000, 0.010757
85.300000, 0.011431
85.350000, 0.010380
85.400000, 0.006905
85.450000, 0.008804
85.500000, 0.009378
85.550000, 0.011352
85.600000, 0.013202
85.650000, 0.013276
85.700000, 0.012450
85.750000, 0.014199
85.800000, 0.015623
85.850000, 0.015248
85.900000, 0.014572
85.950000, 0.014846
86.000000, 0.013245
86.050000, 0.015370
86.100000, 0.014519
86.150000, 0.015093
86.200000, 0.013517
86.250000, 0.010516
86.300000, 0.009441
86.350000, 0.011465
86.400000, 0.008064
86.450000, 0.008963
86.500000, 0.004387
86.550000, 0.005312
86.600000, 0.003986
86.650000, 0.002310
86.700000, -0.001166
86.750000, -0.008616
86.800000, -0.012817
86.850000, -0.008143
86.900000, -0.006569
86.950000, -0.003920
87.000000, -0.006395
87.050000, -0.010171
87.100000, -0.009822
87.150000, -0.013148
87.200000, -0.015673
87.250000, -0.010474
87.300000, -0.012775
87.350000, -0.009351
87.400000, -0.010852
87.450000, -0.012127
87.500000, -0.013628
87.550000, -0.013029
87.600000, -0.013080
87.650000, -0.012130
87.700000, -0.012056
87.750000, -0.006707
87.800000, -0.008108
87.850000, -0.004684
87.900000, -0.006584
87.950000, -0.007685
88.000000, -0.009586
88.050000, -0.006012
88.100000, -0.006288
88.150000, -0.003863
88.200000, -0.004989
88.250000, -0.000390
88.300000, 0.002559
88.350000, 0.002134
88.400000, 0.003133
88.450000, 0.001482
88.500000, 0.000381
88.550000, -0.001920
88.600000, -0.002920
88.650000, -0.003496
88.700000, -0.005022
88.750000, -0.005923
88.800000, -0.007498
88.850000, -0.005749
88.900000, -0.006700
88.950000, -0.007851
89.000000, -0.010877
89.050000, -0.011127
89.100000, -0.010578
89.150000, -0.008229
89.200000, -0.008405
89.250000, -0.009330
89.300000, -0.009581
89.350000, -0.012982
89.400000, -0.017458
89.450000, -0.017584
89.500000, -0.016034
89.550000, -0.018510
89.600000, -0.020486
89.650000, -0.018637
89.700000, -0.021013
89.750000, -0.020488
89.800000, -0.022039
89.850000, -0.018940
89.900000, -0.019641
89.950000, -0.018991
90.000000, -0.020592
90.050000, -0.020818
90.100000, -0.020594
90.150000, -0.020995
90.200000, -0.023295
90.250000, -0.022896
90.300000, -0.023822
90.350000, -0.024073
90.400000, -0.026223
90.450000, -0.028449
90.500000, -0.028850
90.550000, -0.031226
90.600000, -0.031652
90.650000, -0.034302
90.700000, -0.033628
90.750000, -0.028354
90.800000, -0.029430
90.850000, -0.028830
90.900000, -0.030356
90.950000, -0.029932
91.000000, -0.030283
91.050000, -0.030059
91.100000, -0.030534
91.150000, -0.034035
91.200000, -0.035061
91.250000, -0.034712
91.300000, -0.035788
91.350000, -0.035763
91.400000, -0.036589
91.450000, -0.035690
91.500000, -0.036466
91.550000, -0.035041
91.600000, -0.031892
91.650000, -0.034043
91.700000, -0.033919
91.750000, -0.034995
91.800000, -0.036120
91.850000, -0.036121
91.900000, -0.036497
91.950000, -0.034498
92.000000, -0.032248
92.050000, -0.032574
92.100000, -0.033975
92.150000, -0.036701
92.200000, -0.037277
92.250000, -0.037777
92.300000, -0.040928
92.350000, -0.040954
92.400000, -0.037580
92.450000, -0.040280
92.500000, -0.045381
92.550000, -0.044657
92.600000, -0.044133
92.650000, -0.047959
92.700000, -0.052484
92.750000, -0.054885
92.800000, -0.054961
92.850000, -0.055587
92.900000, -0.054988
92.950000, -0.058613
93.000000, -0.059139
93.050000, -0.057490
93.100000, -0.057441
93.150000, -0.056141
93.200000, -0.053317
93.250000, -0.054393
93.300000, -0.055394
93.350000, -0.053295
93.400000, -0.053045
93.450000, -0.051296
93.500000, -0.047022
93.550000, -0.048948
93.600000, -0.053823
93.650000, -0.052649
93.700000, -0.053050
93.750000, -0.051751
93.800000, -0.050652
93.850000, -0.048677
93.900000, -0.047178
93.950000, -0.044904
94.000000, -0.046030
94.050000, -0.047980
94.100000, -0.048881
94.150000, -0.052357
94.200000, -0.055058
94.250000, -0.053384
94.300000, -0.049934
94.350000, -0.052935
94.400000, -0.052236
94.450000, -0.053412
94.500000, -0.050063
94.550000, -0.051488
94.600000, -0.054089
94.650000, -0.054515
94.700000, -0.053541
94.750000, -0.054216
94.800000, -0.051992
94.850000, -0.051968
94.900000, -0.056244
94.950000, -0.056320
95.000000, -0.054470
95.050000, -0.055221
95.100000, -0.057422
95.150000, -0.060148
95.200000, -0.064173
95.250000, -0.061724
95.300000, -0.061175
95.350000, -0.065426
95.400000, -0.062702
95.450000, -0.058802
95.500000, -0.058203
95.550000, -0.056304
95.600000, -0.056205
95.650000, -0.058455
95.700000, -0.058481
95.750000, -0.056632
95.800000, -0.054858
95.850000, -0.054834
95.900000, -0.057734
95.950000, -0.059060
96.000000, -0.059761
96.050000, -0.053912
96.100000, -0.053413
96.150000, -0.052513
96.200000, -0.054564
96.250000, -0.059340
96.300000, -0.062716
96.350000, -0.059891
96.400000, -0.063092
96.450000, -0.061843
96.500000, -0.058969
96.550000, -0.056820
96.600000, -0.055670
96.650000, -0.055296
96.700000, -0.053797
96.750000, -0.052523
96.800000, -0.052348
96.850000, -0.049249
96.900000, -0.051025
96.950000, -0.049576
97.000000, -0.049677
97.050000, -0.045352
97.100000, -0.046853
97.150000, -0.046179
97.200000, -0.047355
97.250000, -0.044230
97.300000, -0.046256
97.350000, -0.046507
97.400000, -0.045333
97.450000, -0.044984
97.500000, -0.042259
97.550000, -0.042060
97.600000, -0.043711
97.650000, -0.042862
97.700000, -0.041738
97.750000, -0.042588
97.800000, -0.040614
97.850000, -0.043840
97.900000, -0.044491
97.950000, -0.041991
98.000000, -0.038442
98.050000, -0.034143
98.100000, -0.032319
98.150000, -0.028820
98.200000, -0.025620
98.250000, -0.023946
98.300000, -0.024722
98.350000, -0.023248
98.400000, -0.019173
98.450000, -0.017899
98.500000, -0.020325
98.550000, -0.018101
98.600000, -0.018377
98.650000, -0.018727
98.700000, -0.018553
98.750000, -0.019129
98.800000, -0.019705
98.850000, -0.018480
98.900000, -0.021356
98.950000, -0.022707
99.000000, -0.020683
99.050000, -0.016459
99.100000, -0.012634
99.150000, -0.009010
99.200000, -0.012261
99.250000, -0.009562
99.300000, -0.011638
99.350000, -0.008163
99.400000, -0.005664
99.450000, -0.007290
99.500000, -0.006916
99.550000, -0.003991
99.600000, -0.004042
99.650000, -0.005818
99.700000, -0.008569
99.750000, -0.009670
99.800000, -0.006970
99.850000, -0.003446
99.900000, -0.003772
99.950000, -0.004273
100.000000, -0.003798
100.050000, -0.002899
100.100000, -0.000950
100.150000, -0.001951
100.200000, -0.002077
100.250000, -0.002552
100.300000, -0.000153
100.350000, -0.001279
100.400000, -0.003105
100.450000, 0.003120
100.500000, 0.003819
100.550000, 0.002043
100.600000, 0.004942
100.650000, 0.004866
100.700000, 0.005241
100.750000, 0.002765
100.800000, 0.004639
100.850000, 0.003788
100.900000, 0.001187
100.950000, 0.002237
101.000000, 0.004536
101.050000, 0.007110
101.100000, 0.010484
101.150000, 0.012559
101.200000, 0.013033
101.250000, 0.015107
101.300000, 0.016631
101.350000, 0.015580
101.400000, 0.017430
101.450000, 0.017604
101.500000, 0.014153
101.550000, 0.012952
101.600000, 0.013852
101.650000, 0.013201
101.700000, 0.015350
101.750000, 0.015199
101.800000, 0.014273
